comment,topic
the apex pro has mind blowing battery life in both standby and gps mode.,gps
"the fenix 6 has ""really good"" battery life with up to 36 hours in gps mode and around 2 weeks of standby.",gps
"that said, if you're looking for a simple, reliable gps watch the instinct is a solid option.",gps
"it has an always on display and great battery life but the screen was too small to be read easily, gps was slow to get a lock and the features were very limited.",gps
i recall when i bought the gps map 60 back in the day from garmin i spent months figuring out how to best use it.,gps
sometimes my gps doesn’t load.,gps
"hr and gps data isn't perfect but it's ""good enough"" for most people if you're not comparing devices side by side every day.",gps
it also will last for 2 weeks on a single charge and over 35 hours in gps mode.,gps
i’m looking for a fitness tracker that’s great at sleep monitoring and gps tracking for distance as i’ve heard that on some watch fitness trackers that the step counting isn’t always the most reliable.,gps
they have really great sleep tracking and solid gps performance.,gps
"gps is ""ok"" on the fenix 6.",gps
they all do a great job in terms of gps accuracy!,gps
"so, battery is dead when using it with music, gps tracking is not that accurate, hr tracking nothing to write home about.. i am finding it harder and harder to pay the price for this watch...",gps
for the most part i think dedicated gps watches do a better job than smartphones especially considering the battery consumption!,gps
"@chase the summit i would be curious in a comparison vs phone sensors, especially how its gps fairs against a smartphone gps.",gps
having a gps watch that last without charging is great and having the maps is a great benefit...,gps
"i have a fenix 5 since it came out and love the watch, but am not crazy about heart rate and gps accuracy - thus have been thinking of getting the fenix 6.",gps
its pretty similar in terms of gps accuracy.,gps
it's not really like a gps in a car... it's more akin to checking a map when you're in the back country.,gps
"yeah, love the watch minus the gps which is pretty awful.",gps
the gps tracks shift left pretty terribly unless you wear the watch on the right hand.,gps
"hah yeah, the gps isn't perfect but i've come to accept that i don't need ""perfect"" gps tracks.",gps
$700 for a watch that is worse for gps tracking than older cheaper watches.,gps
"garmin actually states this in the specs as ""gps: up to 36 hours , gps + music: up to 10 hours"" i often do gps activities that last longer than 3-5 hours so consuming more than half of my battery during a single activity isn't great.",gps
"i'm looking for a new gps watch but i'm mostly bothered about its running functions, not too interested in music, sleep features etc.",gps
"i was going to buy the tactix delar solar model, but gps is most important to me.",gps
so maybe i need to continue my research to find the best gps smart watch.,gps
it's likely due to their plastic construction which allows for the gps antenna to penetrate a bit better.,gps
"here is what's important to me :
gps accuracy, maps, sleep tracking, not too heavy, nice ecosystem.",gps
"from what i saw in your videos, the fenix 6 gps always seems of track compared to other watches.",gps
"sure, it doesn't have the most perfect gps accuracy, and the hr sensor isn't perfect either.",gps
"i've been using it for 3 months in medium and high mountain and it has very bad gps accuracy, and also bad altimeter and barometer precision.",gps
it will deviate if i'm under tree cover and the gps isn't as locked.,gps
i wanted a gps watch for kayaking.,gps
even has a slight edge in gps accuracy due to the more power hungry mediatech chip.,gps
the 6s doesn't offer enough in gps mode for me.,gps
the gps accuracy is definitely a reason to skip the f6!,gps
it's really not that bad but i know some folks really like having a perrrrfect gps track and the fenix 6 just doesn't do that.,gps
"so gps kinda sucks, hrm kinda sucks, but it excels in feature department which is not the main purpose of such device.",gps
"like i said in the video hr and gps are ""good enough for me"" its the other features like mapping that make it my go-to.",gps
"i think that garmin should improve gps tracking, reduce the weight of the next fenix to about 60g and make the fonts a little nicer.",gps
"consider the weight, i stay stay with my f945 which is a very nice gps watch too.",gps
gaia gps is an awesome mapping app with offline maps.,gps
this data comes from gps information so it takes a few seconds to process.,gps
"the gps tracking isn't that great, the hrm isn't that great, the music isn't that great and the sleep tracking isn't that great.",gps
"in reality the hr accuracy and gps is ""good enough"" and better than some others... but at this price it should be the best in my opinion.",gps
"once you leave gps it'll stop auto-correcting, which, is totally fine.",gps
"gps maps, way point nav, temp, barometer, altitude, tides, weather, storm alert.......time.",gps
"the reason i ask, i have been using a handheld gps to record gpx files, to import them into adobe lightroom for photo geotagging.",gps
@dc rainmaker ok thx try the gbr b1000 i have that watch it's a solar powered gps watch g shock it's amazing,gps
"heart rate is being iffy needs to get iron out with an updated gps, on the other hand, is been pretty good on my neck of the woods almost on the dot locks in gps a lot quicker than its predecessor, before an activity.",gps
gps locks seems a lot quicker,gps
i know the new sony chip has affected the gps so i think i need bite the bullet and just roll with the new watch!,gps
"745 has 7d/16h gps batt life, i think it is not much for second best runners model.",gps
how come 745 have less gps hours than much cheaper model fr245 .,gps
for some reason my fenix 6x pro gps never connects.,gps
"also, it's interesting that despite the new 745 has the new sony gps chipset and a slightly bigger case, it has the same battery life as the old 645.",gps
as im looking to buy a new gps watch,gps
really helped in my decision to buy this gps watch.,gps
it is still the best in october 2019 and now the best value gps tracker!,gps
how does its gps works.,gps
"what's your overall opinion on the 235 vs samsung gear sport, or is there an alternative you'd recommend in that price range mainly for weight training, and gym cardio like hiit or circuit type training, has to be round and gps is preferred, with main focus on calorie burning tracker accuracy and hr monitor, i couldn't find any up to date review of these 2 devices side by side",gps
"honestly, i am starting to think getting the mighty  mp3 which allows you to download your spotify playlists and a traditional high spec gps watch is the best option",gps
"charli abraham the phone tracks the journey with gps itself, you then sync it to your phone when you get home with bluetooth.",gps
"thanks a lot i run cross country and track, and i need a gps running watch of my own and this really helped me choose which watch to buy.",gps
since the 10 was not bluetooth enabled i did not have a problem with dueling gps systems running at once.,gps
"i live in a big city and have found that the gps can get wonky when i run around tall office blogs, no surprise there, but have also experienced hiccups while running in a park that is mainly below street level.",gps
just curious if you've discovered a large variance between garmin gps and android.,gps
hey...i've been looking for a gps watch for a while i want one that does everyday tracking like steps too i'm not a huge runner but love to have it tracked i run 4 miles a day i also want a watch that i don't have to take my phone along with me,gps
i am in the market for my first gps running watch.,gps
i am trying to get better at running and this will be the first gps watch i invest in.,gps
"nice review, would this be suited to mountain biking and could it be paired with my garmin virb ultra camera to overlay the gps as the cameras gps inst great in wooded sections",gps
it does have s stopwatch :) you can also use it while the gps is active.,gps
i would like gps heads up like a smart watch...,gps
i'm thinking of replace gps watch.,gps
"i just really want gps for cycling and running,",gps
the gps just means it tracks your distances traveled and also things like pacing and such.,gps
im looking for a durable battery gps watch.,gps
"ii)  inaccurate gps
iii)  with my gps time correction turned off, the watch changes time suddenly (2-3 times a week).",gps
gps no.,gps
it is a gps watch so when you do your running hiking etc and come back it will transfer your data to and from phone.,gps
"no, it is a gps watch, after all.",gps
looking to purchase my first gps + fitness tracker watch.,gps
i would like to see will forerunner 235 able to provide the gps map.,gps
i'm currently looking for a new gps watch for my marathon runs.,gps
"des, what do you think... 245 or 945....which has better gps and hr, or they are about the same...i have opportunity to buy 945 for very low price, but some peopld say that gps is not that good on 945...",gps
the only thing i don't like is that it can take a long time to lock onto gps for no apparent reason.,gps
"based on either  map profile or the gps elevation, i mean",gps
"i tested two last year around july, and where i am the gps tracks were really bad - worse than my gen 1 vivoactive if you can believe that.",gps
"i've seen that it's had plenty of updates since then so now i'm considering taking the plunge again - aside from the gps and a few other bugs, it did tick a lot of boxes for me - especially, size, comfort, and battery life.",gps
the regular gps is very accurate in my area!,gps
so it seems gps is pretty accurate but the hr is wonky,gps
even if based on the gps and not the altimeter... thanks!,gps
"with the elevation display on the trail running profile, you said it uses gps since it does not have an altimeter.",gps
"nope, it’s something called dem - digital elevation model - which is the elevation that has been calculated based on the current gps coordinates.",gps
i didn't think it calculated/grabbed elevation from gps in real time as you run/bike.,gps
"could you provide a video for those, my main concern is gps and hr accuracy between 645 and 245, and wud be the deciding factor for me.",gps
here ya go :) https://youtu.be/a0twgjiz4gi @cl is correct where the gps chipset differs and the gps is slightly better on 645 but for all intents and purposes the 245 performs just fine.,gps
"people tend to like last gens gps accuracy (fenix 5 i think, 935, 645)  better than this gens (45, 245, 945 - new sony chip that has better battery performance)",gps
i run mornings 6 days per week and would agree with the ~5 days of gps usage - but i have yet to dip below ~7% battery.,gps
hi.fenix 5 and 245 have almost the same price in my country.which one u recommend for a runner;do they have the same accuracy in gps ;,gps
"although the gps chipset is different from the fenix 5 vs the fr245, i found no huge difference between them.",gps
any of the gps profiles have auto pause.,gps
"it struggled to get a gps signal a good percentage of the time, it would sometimes pick up a signal part way through the run and then give the distance only from that point without estimating what distance i had run prior to getting a fix, and the route would sometimes be way off the route i had taken on the map.",gps
@the run testers gps and cool features,gps
the only downside i have with this watch is the gps battery life.,gps
i feel like the normal gps is pretty accurate.,gps
gps is responsive and accurate.,gps
it craps out on me all the time and the gps isn't all that great.,gps
accurate gps is key!,gps
an accurate gps is the main thing!,gps
my phone gps broke on my last cell phone and i got some interesting maps when running.,gps
gps is built in!,gps
if a watch has gps on board you can track your outdoor activities without your phone.,gps
👍 nearly all the devices i cover on this channel have on board gps,gps
"since the venu sq does not have an altimeter, the elevation data is based off of gps data which is generally fairly accurate.",gps
"and yes, built in gps 👍",gps
"looking for my first watch, gps and just accountability is my purpose for buying a watch to track my workouts and i seriously appreciate your videos so much.",gps
"5-6 days in smartwatch mode, 16 hours for gps",gps
it will be based on the gps data which can vary from source to source but is generally pretty consistent.,gps
5-6 days in smartwatch mode and 16 hours gps with the always on display disabled.,gps
"5-6 days in smartwatch mode, 16 hours for gps activities without music playback.",gps
5-6 days in smartwatch mode and 14 hours for gps activities,gps
"the difference during an activity is that you won’t be able to see accumulated elevation gain/loss, however this information is generated after the activity is saved in garmin connect based on gps data.",gps
if a device doesn’t have an altimeter strava will calculate it based off of gps data.,gps
it was lasting about 5 days using it for about an hour long gps activity per day.,gps
the elevation is based on gps data.,gps
the elevation gain and loss will be based on gps data - it's available in the garmin connect app after you save the activity.,gps
gps data is generally consistent.,gps
"i don't care about the music, just gps and a heart rate monitor that works ok for insanity.",gps
you’ll still have altitude date after you save the activity in garmin connect and that is based on gps data.,gps
** battery life is rated at 6 days in smartwatch mode and 14 hours in gps mode.,gps
8:04 sad that it actually has less battery life than the 245 under gps mode.,gps
do you have one to explain more in depth on how to create a hike trail in gps and also how to zoom or move the map around.,gps
if you start a run without gps signal ok the watch doesn’t try to get it done in the middle of the run.,gps
it tells the major pros of the gps watch for ultra marathon runner and needs a better glass material.,gps
stuck on 22/06 i opened the gps outside to sinch but only got me to 28/06 and today is the 29/06.,gps
+tom barrientos it changes automatically when you connect to gps on a run.,gps
to know the weather or gps places !,gps
"hi shane, do you have any experience of gps dropping out with the forerunner 45 (or others).",gps
"i've tried gps + glonass and gps + galileo and both drop to 'blue' 10 or more mins per km at same point on run (no lap counter set as heard that could cause problem) when i'm running at same 6'30""/km pace.",gps
the gps is built into the watch so you can leave you phone at home 👍😎,gps
you need to charge whilst gps is running and the watch needs to be able to store a lot of data.,gps
if this is your first gps watch i'd say just get used to the other stats first.,gps
or gps is just for you ti see exactly the distance that you made.,gps
"thanks for your comments, yes 100% better for running - it's a whole new ball game and a good choice for a first gps watch.",gps
so it's time to upgrade from tracker to gps watch.,gps
is there anything out there that will update your gps location periodically.,gps
replace the ripcurl gps watch,gps
"tonight an update has been installed and gps measurements are in line with endomondo again-less than 5% difference, endomondo shows longer distance covered.",gps
looking forward to seeing your gps test results.,gps
"as for the gps testing, i am finishing off now",gps
for the va4 it gives this:  battery life: up to 8 days in smartwatch mode; up to 6 hours in gps and music mode.,gps
i find glonnas with gps is best in canada.,gps
i was using the regular run mode with gps and the map didn't look right.,gps
i guess no gps in carpark but just gonna try indoor track mode if it works ok.,gps
i don't really need a watch for exercising and doing all that stuff i just need to watch for gps when i'm in the backcountry.,gps
"no it does not, gps tracking is terrible on all fenix watches, so unless you live in the desert it will not track your pace or distance properly, hart rate monitor on the back of the watch is extremely inaccurate.",gps
"man, i still have a garmin gps somewhere in my garage.",gps
"their watches look like watches and the charging with gps turned off is infrequent enough (4-6 weeks) that a garmin watch really has no downsides/compromises vs. a traditional watch, and gives you notifications that make it worth wearing in today's smartphone era.",gps
"fenix 5 plus will do but  you'll be missing out on a better screen , a new gps from sony (better battery life) , better ux.",gps
"if you’re going to be doing multi day adventures without carrying a battery pack, sure, it could be nice but if you’re using it in normal gps mode which nets you an extra 6 hours in ideal sunlight conditions and then up to 3 days if you’re not using gps.",gps
"since standalone in car gps is no longer necessary due to cellphones, garmin's stuff has gotten _way_ too expensive.",gps
"i know it was significantly revamped with the solar version new hr sensor, plus ox, gps unit.",gps
"can’t see the purpose, map my run with a hr strap is so much more convenient... unless you need a gps hunting and bush treks, or your a swimmer then phone based is more convenient imo, as you’ll have it in you anyways",gps
i need a good gps watch and i'm confused between the new instinct solar and the fenix 5x sapphire.,gps
excellent gps accuracy and backtracking ability.,gps
great review ; i do a lot of rucking what will you recommend be the best setting for the gps .,gps
i’m in ohio i will try normal gps and make the adjustment recommendations.,gps
i live in the u.s. and gps + glonass works well for me but this could be different in other areas.,gps
"an excellent review--comprehensive, dead-honest, and useful for people like me in the market for a good gps watch.",gps
"it all comes down to whether you want those flashy features which are good enough for use in the office with some occasional casual activity (mainly because the battery life is poor when gps is running), or whether you prefer the utilitarian features of garmin, which are designed to work even in very difficult conditions and because of the much longer battery life and shorter charging time, they're better suited for all-day wearing (including sleeping).",gps
"i normally use the ultratrac since they say it's the most battery saving one, but  takes me a long time to get the gps signal (1-3 min).",gps
i am ok paying for the f5 if the hrm and gps are as good as the instinct.,gps
"in general, the gps performance should be similar.",gps
"gps is off by default, only turns on when you start an activity or try to mark your current position.",gps
"you can turn off gps for specific activities too (i use two different activities for cycling - one has gps, the other one doesn't).",gps
"keep in mind that the battery is pretty small and will fully charge in an hour, so charging only for like 10 minutes will extend your battery life by hours in full gps mode, and days in regular watch mode.",gps
"i really liked it but really struggled with gps for running, it would give awful tracks for me.",gps
but can't see which one would be the most accurate in terms of purely gps and data (specially for mountains activities and running) if we don't look at the rest they are offering.,gps
@dc rainmaker last support for my gps 276 was 15 or so years ago.,gps
i know he mentioned he would like gps tracking but i don’t know what model to get.,gps
dose the garmin fenix 6x pro gps watch - black case with black band  can you chance the watch face to look your dog and so on dose it have a feature where it has sleep tracker i know you said in the video it’s got a heart tracker i’ve got like $1800 bucks comeing and i want a really good watch but no rolex :) so yeah good if you could answer them questions please i was going to get the casio g-shock gps solar rangeman watch find out by videos that was just a big gps watch,gps
"after manually upgrading the firmware to 4.64 beta (also the wifi, gps etc firmwares that we're bundled), the problem has disappeared.",gps
"just a thought... iown a garmin instinct and the open water swimming gps tracking  ""sucks"".",gps
i kind of figured it would include full functionality but upon adding gps and music it drops.,gps
don't be too quick to dismiss the expedition gps mode.,gps
"!doporucuji nekupovat krasne fenix 3 
na pohled funkcni ale kvalita shit stoji velke peníze ja kupoval za 500e a po 3 letech hodinky ende prestaly tak rikajic z 50% fungovat gps pryc vyskomer barometr atd.aplikace co předtím nez vylozene chciply funkce kvůli kterym to clovek kupuje fumgovaly najednou nefungujou takze podpora mrzka...a hodinky na vyhozeni protože po zaruce je oprava nerealna 3000 a vejs….uplnej brak zboží strčte sije nekam ..a prej garmin znacka jedno velke hovno!!!!!!!!!!!!!",gps
would have loved to see how the 6x pro/solar with its sony gps chip fairs against its prior model.,gps
"if the gps tracking on the 6x/solar equals or surpasses its predecessor, i'll return the 5 and pay the extra $$ for the 6 solar.",gps
"the improved gps signal probably comes from the addition of the third gps system, galileo",gps
"these new sony gps chips are more efficient than the previous mediatek ones but they're not more accurate, at least from all the testing that was done.",gps
"different, better gps tech gps+galileo vs this being gps+glonass",gps
"what i need is navigation along a pre-defined track, the maps, accurate gps and flawless connection to the sensors, the rest is nice or even useless!",gps
"i do like lap timing, hr, gps to track etc.. what do you.",gps
hiker gets home after hiking the appalachian trail for 56 days: gee i'm excited to see what my gps track looks like from the appalachian trail.,gps
gps accuracy is indeed quite good on the 245!,gps
"i have bit large wrist so i gave up on 245...but gps and hr accuracy is important to me, and from many reviews and forums, seems like 245 is best of three...they say because of the size and plastic body..",gps
"although not perfect, gps is pretty respectable for me on 2 different fenix 6's.",gps
useless for alot of us who are more interested in a good gps watch for hikes and such.,gps
and that gps chip is rubbish,gps
i think you got your smartwatch and gps mode battery life lengths flipped.,gps
you could use the indoor climbing activity if you wanted to record number of routes and elevation but it won’t provide any gps data.,gps
i’ve never had any issues with gps connectivity in either the 6 pro solar or the 6 sapphire.,gps
currently i have a 6x sapphire and besides his 36h gps autonomy you can chose the ultra trac that deliver 120h of battery.,gps
"cheers 

i use hiking for gps etc and five different screens  one has map one has five data fields one has the time only lol so that page or a couple of pages could be used.",gps
inreach is a satellite communicator and the fenix is a gps smartwatch.,gps
they use a gps elevation in conjunction with a barometer.,gps
"you can calibrate it with dem or gps elevation and it might be better, but even the garmin support page throws out a ""+/- 50 to 125 feet "" disclaimer.",gps
"also, is the the weather gets updates from phone or gps or how it gets updates.",gps
weather is an app that syncs with the phone/connect app based on your gps position.,gps
garmin has a bit of a stranglehold on the outdoors gps sector.,gps
"i'm so frustrated with my fenix 6 pro, floors are so bad, it may seem a little thing but i'm wondering if i should pay another 50 for the 6x and hope for the best on floors based on others saying their  6x was spot on and enjoy the gps and safety features im looking for and eat it if it doesn't count my floors or get downgraded activity tracker and opt for handheld gps mapping.",gps
"if i had an older gps oregon 650t would u go with the unreachable mini or the gpsmap66i

thanks",gps
the garmin 5 (s)saphire)plus battery depletes way faster then  the garmin 6 especially when you want to use the gps on trail runs or hikes or listen to music and stuff.,gps
currently i am in the market to buy an inexpensive gps watch without the bells and wistles of these ridiculously expensive gps watch device.,gps
can you tell me what you thinks better the fenix 5x plus or the tactix charlie my biggest concern is the gps,gps
i upgraded from a forerunner 935 that was close to amazing the way it tracked the routes i was running (just gps + smart recording on that device).,gps
i will have to skip the gps+glonass and use gps + every second to see if that works....,gps
fenix 5 picks up the golf courses via gps also.,gps
i hear the new gps sonu chip is crap and garmin prices are getting rediculous,gps
the whole garmin brand is plagued by very bad gps accuracy.,gps
"battery life, it appears to last twice as long (compared to 5x plus) and i run at least an hour with gps about 5 times a week.",gps
"upgraded to fenix 6x pro from original fenix 5, absolutely love it, the screen is large, ui is fast, gps acquisition is fast too and the bluetooth is mental how far away i get from my phone before it disconnects!",gps
review portable gps navigation's.,gps
"you vo2 variation may also be because of temperature, even if the wrist hr is admittedly worthless.",hr
"now i’m back on 55 again as it’s getting colder, without any decrease in speed, hr on a given distance.",hr
"not great distance tracking, not great hr tracking, not great sleep tracking.",hr
"yes,  i do use a hr strap by wahoo and a power meter on the bike.",hr
i think hr is a bit better but still not perfect!,hr
it will do the job but the wrist based hr sensor doesn't work great when you flex your wrist.,hr
"probably you vo2max has increase because when you change to your chest strap you start running (for the watch) at the same speed but with a lower hr, usually wrist hr is higher than chest strap.",hr
"i too had a similar issue with hr band causing massive vo2max increase, i was upto 55 and was looking at other people's 10k times on similar score (via connections) thinking, 'im nowhere near that time' - glad it's not me going mad, that explains a lot!",hr
my hr on my fenix 6 is way off without a chest strap.,hr
"the hr seems ok, and ecosystem good...   what i do the most : trailrunning and cycling.",hr
the watch refuses to go over 100 bpm when climbing steps with 80lbs on my back at high pace (when my real bpm is in the 150-180 range).,hr
still rocking 5 plus and don't see a point in upgrading it to 6 for my road running.. maybe if 7 brings some radical gpa accuracy or hr updates etc might upgrade,hr
most of the current garmin watches use the same ohr sensor so its a similar situation with hr tracking with all of them.,hr
"if you wear your watch too loose or wear it on top of a long sleeve layer, it will overestimate the hr and thus lower your vo2max.",hr
use a garmin hr chest strap for accuracy.,hr
i just expected more considering some of the competition has more accurate wrist hr sensors at lower prices..,hr
"hr on the fenix 6 shouldn’t be too bad, but an hr strap is always the way to go if you want precision accuracy.",hr
"it's ""ok"" but for a lot of people ""ok"" isn't good enough so yeah... a hr strap is good to have.",hr
@davit avagyan i have an entire video comparing the fenix 6 to other hr monitors you can find on my channel.,hr
chase the summit most commentary i noticed was on significantly incorrect hr which affected a lot of other measure.,hr
about the sleep: i used to own a vivoactive hr and the sleep monitoring wasn´t the best.,hr
about the heartrate: as said i used to own a vivoactive hr and the heartrate was a disaster.,hr
i'm using a fenix 3 without hr that was released in 2015.,hr
"i have old fenix 3 whr and i have 135 bmp when i hiking on the hill, but
 with new 6x sapphire i have only 60-80 bpm in the same hill.this is to 
low !!!!",hr
i haven't been all that impressed with garmin's hr sensors in the past.,hr
use a chest strap hr monitor like a man,hr
i have shivers at the thought of how badly you are scratching the glass on the hr sensor in this video,hr
"please, please help me to copy from fenix 3 hr to fenix 6 x
solar the saved locations ....",hr
i especially like the comparison of a hr strap vs.  wrist hr for swimming.,hr
@desfit will be interesting to see how well it copes with wrist based hr in the ocean.,hr
wrist hr during exercise is pretty useless.,hr
hi jeff does the screen scratch easy on the 235 like cosmetic scratches like the vivosmart hr,hr
i love the fenix 3 hr sapphire but i do have small wrists and am on the lighter side.,hr
"hi,  i noticed hrm on wrist smart watches give inaccurate hr if you run at a pace which pushes your hr above 140.",hr
please make a comparison of the forerunner 235 and vivocative hr (when it comes out) thank you!,hr
get the vivoactive hr,hr
"the fenix 3 hr is almost double the price of the 235 and is a ""multi-sport"" watch.",hr
i now have the forerunner 235 because of the built in hr and i primarily run.,hr
i got the 230 with hr strap after all of the negative reviews of the optical hrm.,hr
thinking the 230 with a strap (which i already have) is the way to go for the most hr accuracy.,hr
just bought the fr235 to hold myself over until the fenix 3 hr is available.,hr
i think you mentioned some concern about the battery life with the 235 having the hr sensor on all the time.,hr
you get accurate hr + longer battery life for less price.,hr
(easy bluetooth instant transfer of activities to smartphone/up to garmin connect) wrist hr is a little iffy as well and maybe is more of just a basic guide of where you are at and not necessarily something totally accurate.,hr
"now i'd like to trade up to the fr235, but i see its hr sensor protrudes similarly to the surge.",hr
my easy run hr normally is 125-140.,hr
also - i experimented the hr whilst having sex (approx.,hr
i own the mio-link as well...and optical hr sensor.,hr
it often does the same thing - shoots the hr up to 180 (which coincidentally is my run cadence).,hr
these things are known to mistake the hr with run cadence.,hr
"either way, i'll stick with the 235 for the all day hr tracking on the wrist.",hr
i'm running the latest 3.20 software and the updated hr sensor as well.,hr
+alex dunster you can connect that external hr sensor to this device and you cannot on the vhr.,hr
"i can't comment on the battery degradation over 12 months for the 245 specifically, but the fenix 3 hr lost about 10% capacity over the course of the first year.",hr
"other than that, the hr performance will be the same.",hr
"better hr sensor or altimeter, maps, etc..",hr
"the really point i wanna buy a wrist monitor is not to use the chest band, but my coach needs to track the hr for adjusting my ritm.",hr
i'm really curious if the vivoactive 4 properly  registers the hr and the o2 when working out in the gym.,hr
vivoactive 3 vs vivomove hr vs vivoactive 3 music,hr
"my doubts are still there missing alt meter, open water swim and not having the possibility to sync with a tri hr strap.",hr
i use my 245 mainly for hiking and find the hr sometimes reads low and sometimes  gets stuck on a low reading.,hr
here is the link to the arm strap as neither arm nor chest hr straps can be interchanged :) https://geni.us/exorn,hr
"also, the link in the description for the arm band hr strap brings me to the wahoo chest strap.",hr
"i am tempted to return it for the 245 music so i can gain the recovery, training effect, and hr zone alerts.",hr
"hr doesnt work well, and it is inconsistent.",hr
the optical hr monitor is utter and complete $hit!.,hr
"garmin, if you're listening, how about you head on over to the garmin forums and let you're poor customers, who made to unfortunate choice to buy this watch, know whether you are actually taking any steps to improve the situation and fix the countless issues with garmin connect, the hr monitor and all the other currently useless features you marketed in this ""unfinished"" product .",hr
can you please do a tutorial on how to connect the hr monitor strap to garmin 235 because i tried the other day and it only says that no other devices connected but it doesn't give me an option to connect it,hr
235 has wrist hr monitor.,hr
"most people say that u have to keep away from the sensor any kind of dirt or sweat so basically, u cannot use the optical hr if u want a correct elevation cuz u have to wear the watch on a long sleeve on your wrist.",hr
heart rate is wack* i have found hr monitor to be very polarized.,hr
totally agree with you on the hr monitor!,hr
"the hr isn't very accurate so the calories burned, average hr, etc wouldn't be too useful.",hr
and totally wish that the hr stuff worked.,hr
"one of the other issues is that because the hr is off, it also calculates my calories burned incorrectly for the day.",hr
"generally, a smaller device will record more accurate hr since it will have less of a tendency to move or bounce around in the wrist.",hr
both of them measured my bpm around 80-82.,hr
"since they use the same elevate sensor, i'd think they would be the same, or close, but my 945 and venu (round) have been like 60 bpm difference, with venu much lower.",hr
"yup, the venu/venu sq collect hr on the wrist and they can pair to ant+ and bluetooth heart rate straps.",hr
"regarding the heart rate with the fenix 5, what i have found is that in general, lighter and smaller watches tend to get more accurate hr than heavier ones due to the size and weight of the watch.",hr
"with the sq, as long as your hr strap is in range with the watch during your activity, it will work.",hr
the sq can't download data from an hr strap that can store hr data internally so you'd have to ensure you're within range.,hr
"yes, all garmin hr straps will work with the venu sq - it just doesn’t have the download hr functionality that can be found on some higher devices that is needed for swimming and the offline heart rate and steps caching.",hr
unfortunately garmin’s smartwatch focused wearables don’t have the download hr functionality that is needed for the hrm swim/tri/pro 😕,hr
i am using chest hr strap garmin.,hr
"this watch has swimming hr monitoring, body battery (wich i find to be pretty cool feature), adaptation, battery life and every possible thing any triathlete needs.",hr
i have a couple of hr chest straps.,hr
"maybe i didn't understand what the rep was saying, but that's the reason i've waited to buy the garmin watch until i could afford one of the newer ones that have an hr monitor on it.",hr
sucks if the forerunner hr monitor isn't very reliable.,hr
it works but the data isn't very good for hr and gps.,hr
i'm someone who sweats in gallons 😁 given that the device is water resistant wouldn't the optical hr monitor be affected by constant exposure,hr
"i am using runtastic for biking for a long time, so i want to continue in that however biking is not my only activity where i use hr monitor.",hr
for me should o wait for the vivoactive hr or jump on the 235.,hr
"+tech life the forerunner 225 uses a third party hr monitor,  while the 235 uses one made by garmin.",hr
"+tech life i am guessing it could be a hr weighted average, if the watch lose the beat for any reason it keep with the average one till recovery the true beat... but i am not sure...",hr
the fr225 is better at not displaying the hr when watch is off the wrist but it does happen on both fr225 and fr235.,hr
"if scratches on the hr is of concern, place a hand towel under the device or snag a case for the device.",hr
"about the heart rate sensor while lifting weights, do a set and check the hr during your rest.",hr
"for us humans who abhord wearing a bra-like device, the 235's hr ability is actually quite nice.",hr
i wanted to add that you can use the chest strap hr monitor for more accurate results with the 235.,hr
most reviews for any fitness watch with a wrist based optical hr sensor report similar results to what you have discovered here with the 235.,hr
"i would suggest that anyone looking for better hr results during an actual workout, use the chest strap during the workout.",hr
if used correctly the 225 and 235 units record bpm as accurately as any strap.,hr
so it seems most ant+ hr monitors should be fine.,hr
unfortunately it is not possible to lock the hr graph view on the watch.,hr
i ordered the 230 as i've already a hr strap and am assuming it'll be more accurate.,hr
i was disappointed by the poor hr accuracy with exercises involving your arms.,hr
i find garmin fr235 to be quite good for measuring distance and no issue with hr monitoring while running.,hr
"if needed , i may compliment 235 with a chest based hr monitor.",hr
alpha 2 is not accurate at all for diatance but is reliable for hr when running and other activities.,hr
if you want only a hr it's good.,hr
i have a future plan of creating a optical hr sensors explained video where i explain the technology and give tips on how to ensure the sensor performs as well as possible.,hr
the hr sensor is pretty good too.,hr
@shanebow thanks for your reply ... actually i unable to decide between 45 vs 245 ..i run or rather walk daliy 5 km and and 10 km every alternate sunday with pace of 9 min/km .45 is good option and economical too but i would prefer to have avg pace and hr rate on same screen ...,hr
distance and hr hope they will be a little bigger and easier to see .thanks again..,hr
"i have garmin vivomove hr now, but really thinking about getting fr 45.",hr
i had a fenix 3 hr and don’t change watches frequently.,hr
"can someone says how accurate is hr monitor, and gps.. i've heard its really ups and downs",hr
graham parker i have fenix 3 hr with gorrila glass.,hr
"we are 4 persons in an office with several garmin watches (2xfenix 5 , fr735, fr235) and all of them have problems with the hr measurements.",hr
"either garmin should request to buy an hr strap or restrict the measurements based on hr (zones, resting hr etc).",hr
"for example, i bought the fenix 3 sapphire hr when it came out .",hr
"please, please help me to copy from fenix 3 hr to fenix 6 x solar the saved locations ....",hr
"however, the same can be said for nearly all wrist based hr sensors.",hr
there won't be any discernible difference in fitness performance between the 5x and 6 series in regards to the hr sensor.,hr
the fenix 3 hr can't!,hr
optimus hr,hr
2. improved hr sensor is maybe a little improvement for cardio etc.,hr
4 underwater hr sensor.,hr
i’ve tested chest vs arm for hiit/weight training and even external arm hr can be thrown off by the varying movements.,hr
would love to hear your comments on the hr accuracy compared to the fenix 5 😊,hr
"the gen 3 hr sensor mainly adds the spo2 sensor, but the actual hr accuracy is about the same.",hr
if your resting heart rate is above 100 bpm it will trigger the warning.,hr
as you say in your video the hr is atrocious.,hr
the t rex lacks sport functions and can not connect to a external hr strap.,hr
"i'm coming from a fenix3 hr sapphire and i'm about to purchase a garmin instinct, mostly for running, road/gravel cycling and hiking.",hr
i'd go on with my fenix3 hr but it has altimeter/barometer issues that don't look easy to fix...,hr
"i know wrist based hr monitors suffer for weight training and crossfit, but this one really lagged.",hr
definitely good to use a chest hr monitor for hiit!,hr
then i see that this also has the built in hr sensor so here i am looking for reviews on it.,hr
i’ve seen reviews where people had the fenix 3 hr and called the instinct an upgrade.,hr
i had a vivoactive hr but it crashed after only 2 years.,hr
it started to no longer register my hr when lifting weights until it eventually never charged ever again.,hr
i use optimus hr on my 5 plus and then the 5x had sc8.,hr
i had a vivosmart hr for 2 years before it crapped out.,hr
i’m hoping that garmin will improves their hr sensor which would allow them to do a lot more accurate tracking overall.,hr
"support has mentioned that hrm swim and tri are not supported by instinct and reffered to instinct product accessoires page: https://buy.garmin.com/en-gb/gb/p/621802#accessories
and i think it could be somehow related to small storage in instinct (~5mb) to copy hr data from strap and combite it with an activity",hr
i think it is by design that you aren’t able to download hr for swimming.,hr
"i have a quick question, i have the fenix 3 sapphire but the wrist hr monitor is not always working properly and i'm not sure if it is the watch or my wrist but i would like to know if the hr of the 6x is the same or if it is better.",hr
i keep seeing issues on garmin forums and reddit about issues with the ohr while hiking specifically and it's concerning me that a (currently) $700 watch is unable to perform hr tracking on a hike.. thanks!,hr
i hope the wrist hr is better than suunto's too,hr
"so things like the optical hr sensor being enabled is fine (but pulseox enabled is a huge battery hit), time of course, smartphone notifications, activity tracking, sleep tracking - those are the biggies.",hr
do you think 935 will get the swimming hr feature,hr
like the solar and wrist based hr for swimming.,hr
@juusto my fenix 3 sapphire hr only adds and messes up when i am doing breast stroke but its super annoying.,hr
how good is the wrist hr on the new finex.,hr
"the hr will suffer on larger watches - for instance, the fenix 6s will be generally more accurate than the 6x and that's due to the size.",hr
"the larger and heavier the watch, the less accurate the hr will be since it has more potential to move on the wrist.",hr
"oh man, i just need topo maps, tide times, sunrise/sunset for camping activities...  i wont use anything else including the hr sensors...  the casio pro trek f30 ok but the battery life is terrible... man i dont know what to buy...",hr
i hope they fixed the hr issues with strength training.,hr
still rocking my fenix 3 hr 👍.,hr
im upgrading from the 3 hr to the 6x pro and it’s amazing,hr
same 3 hr is great,hr
the map screen doesn't have data fields but you can have it automatically go through screens and just put hr on one.,hr
"i'm thinking about buying a fenix 6x pro but have read some comments around that there is a software bug that causes the hr measuring to be inaccurate when in hiking mode (not showing above a certain value, think it was 110 or so).",hr
i can routinely get my hr above 130 when doing a tough climb.,hr
i don't need hr monitoring so the casio wsd-f30 with it's few niggles is about the sweet spot for me.,hr
i think they have v3 of hr .,hr
only reason i’d upgrade is for the hr monitor.,hr
also for the price the garmin hr is crap.,hr
so expect decent hr for the money.,hr
"i’m not going to lie, im still disappointed with the hr accuracy of this device.",hr
it is a slight improvement over their previous hr model in the 5x.,hr
the 5x and 6x both do an atrocious job at accurately measuring the hr as it drops.,hr
usually a 2-5 minute delay before it displayed what my hr actually was.,hr
"and does increase the appeal but as a triathlete, i’m so disappointed because hr training is pretty much everything for me.",hr
i have to spend 7-800 for the watch then another 100 for a hr monitor.,hr
hr is good enough on these devices.,hr
"i really want this watch but i think i'll role with my fenix 3, because i don't trust the optical hr sensors from garmin...",hr
the wrist hr in these watches is useless.,hr
i just got the 6x pro from the non hr 3.,hr
"i find the heart rate monitor is ok just for everyday measurement, but i bought a garmin run chest strap for running and cycling.",hr
i will say that the wrist heart rate sensor gets a little wonky when on a bike because of so much wrist flex so i'd suggest picking up a chest heart rate sensor if you want the best metrics.,hr
i've heard the aw has a great heart rate sensor though!,hr
bt heart rate strap always!!!!!!!!!!!!!!,hr
"i too love my 6x, however i am having an issue with the speed fluctuating up and down by about2 miles per hour by just passing a few trees on the side of the road and secondly when i rely on wrist based heart rate sensor it jumps straight up to high rate on a run.",hr
wanted to know if maybe changing smart track to every second would fix speed and the heart rate i did all the things suggested on garmin site.,hr
what i have learned is that the heart rate monitor is absolute garbage and i am better off guessing than looking at the watch.,hr
"there are other examples but the point is that if you care about the heart rate monitor, this is not the watch for you.",hr
"d. l. yes, the heart rate monitor is garbage.",hr
"heart rate is definitely wonky on this thing, something i hope they can fix",hr
"love my garmin 6 pro, music is a key for sup but the optical heart rate is a no go, also for windsurfing.",hr
"i'm waiting for new update for f6 sapphire/pro i hope it will 
fix heart rate !!!",hr
"the 6 has a few more features, but mainly due to the newer heart rate sensor and pulse ox.",hr
"all you have to do is look at the garmin forums: https://forums.garmin.com/apps-software/mobile-apps-web/f/garmin-connect-web/108744/active-calories-not-calculating 
when you can see your stats are being recorded properly yet the software can't add up the active calories, or your current at rest heart rate shown on your watch is 10 or 20 less than what is being currently displayed as your daily low heart rate... or when your current heart rate is much higher than your max daily heart rate...",hr
but heart rate is out of wack!,hr
i'm not sure the accuracy of the heart rate have to be different.,hr
"if i bought it i would pair the 230 with a heart rate monitor for running, as running and hiking possibly with improved fittness, trail running as well, some figures would really help.",hr
"quick question, if i do exclusively cycling, you mentioned in this video that the heart rate on the 235 when the wrist is bent will struggle to be accurate.",hr
"i just got my watch today so just following what i read on the manual:

""this feature requires a heart rate monitor.""",hr
now i just have to decide whether or not to pay $70 more for the heart rate monitor.,hr
the reason i ask is that maybe it is using the heart rate monitor for the estimate.,hr
just ordered the 235 because i'm interested in seeing the progress my resting heart rate makes over time during my run training.,hr
will probably end up with a heart rate strap eventually based on the comments and since the optical monitor seems hit and miss for most.,hr
it's bc they want you to have the advanced metrics from the hrm-run heart rate monitor,hr
i currently have a garmin vivoactive that i like except for the fact that i have to wear a heart rate strap.,hr
all optical heart rate sensors are shit.,hr
would like to know how much lighter the vivoactive is to these babies...and i dont understand why garmin dont do a all in one .. touchscreen with wrist heart rate,hr
"decent battery, real waterproof, heart rate monitor, phone notifications, looks of something for an ""active"" person not a fashion wannabe and it doesn't cost an arm & leg.",hr
"i've also found the battery horrible, and i have found the resting heart rate to be inaccurate.",hr
+felisberto lu&#237;s yes and also the battery life is better on the 230 (due to the heart rate monitor on the 235).,hr
how about the 230 and mio link heart rate monitor.,hr
would it be good for tracking heart rate during strength training.,hr
"i don't think $80 is worth it for a heart rate monitor, so i got a 230",hr
th me heart rate is a bit jumpy but overall i love this watch!,hr
"+paweł wojtusiak yes, but in my opinion a heart rate monitor only for your exercises is one of the best features an activity tracker can have.",hr
"hi sir, which garmin watch you can recommend for me, i like listening music while doing workouts like yoga, pilates, cardio, strength, dancing can be tract the gps, sleep,  heart rate and calories, waterproof can wear while swimming in the beach or in the pool.",hr
"this is just kind of the nature of wrist based heart rate sensors though and even external arm heart rate monitors can have challenges in this context, so for the most accurate heart rate just opt for a chest heart rate strap :)",hr
"i’m looking for a watch that will monitor my heart rate while doing crossfit, tell me my steps while i go on hikes/walks and tracks my sleep.",hr
arm straps can sometimes produce some funny results but haven’t had any issues with chest heart rate monitors for weight training.,hr
i think that the stopwatch plus the actual heart rate is the most important stats that need to be viewed on the workout screen - everything else is coplementary,hr
heart rate was off around 30+ bpm.,hr
doing some research i came to the conclusion that a wrist placed optical heart rate sensor is not as accurate as a dedicated heart rate sensor.,hr
"and i don't mean like gimicky statistics they came up with to have 'more features', just things like the accuracy of the heart rate sensor etc.",hr
"as i've read through forums, the heart rate seems to be a big issue.",hr
i can't believe it reads your heart rate at 30.,hr
he doesn’t like the heart rate monitor.,hr
i love the heart rate data though haha.,hr
i find the heart rate actually works pretty well (and was one of my reasons for getting _this_ watch).,hr
"when i'm doing a workout, i'll go one notch tighter than normal to get accurate heart rate - it's a tad uncomfortable at first but you get used to it quickly.",hr
"good review vince, looks like a awesome watch, my last watch was a garmin vivoactive3 found it really good to use, the heart rate seem to work better, when done up pretty tight ya wrist, after 2 years the battery didn’t hold a charge, really liked the garmin, it even had pay wave was handy, could pay for stuff from the watch, i did a bit of research found that the coros apex 46mm has amazing battery life, like a month before ya have to charge it, they are designed for 100miler ultras & still have plenty of battery, so it should be ok for my little 30k runs, so far is very good value 😁👍",hr
"i am looking for something that i can wear daily and also during running with offline music, accurate gps, heart rate sensor, step counts, and those kinds of stuff.",hr
"if you want to collect heart rate from a swim-compatible heart rate strap, opt for the swim 2.",hr
the venu sq will collect heart rate in the water using it's wrist-based heart rate sensor but it does not have the ability to pair to a swim heart rate strap (it connects to heart rate straps for other activities though).,hr
"-the garmin connect platform it doesn't show me the graphics for respiration, heart rate or body battery for almost 4-5 days.",hr
"the idea is use the watch for check daily heart rate monitor, distance covered by walk/run, hours of sleep,stress level, dehydration level as minimum requirement.",hr
and it gives you heart rate zones while working out.,hr
you can pair ant+ and bluetooth external heart rate straps.,hr
"wear the strap, and then on the watch go to settings, sensors, add heart rate sensor",hr
"yup, it can pair to any external heart rate monitor that has ant+ or bluetooth (pretty much all of them).",hr
"@desfit ah gotcha, i had hope that the newer models had magically improved heart rate monitoring!",hr
no watch seems to be great at tracking heart rate and calories burned for circuit training/hiit type stuff.,hr
fit bit help me with heart rate and nike help me to get motivate my visibility of added km towards my total running distance.,hr
especially for heart rate monitoring and calories measurement...,hr
"nice review, could you please let me know about battery life when disabling heart rate function and disabling bluetooth",hr
it will work great with a ant compatible heart rate strap,hr
"lcd backlighting is whack, feels cheap and plastic and heart rate sensor no where near accurate.",hr
"the heart rate sensor stops illuminating at the certain point (when i'm wearing the watch), but the heart rate is still showing.",hr
if you stop moving it estimates your heart rate instead of measuring it.,hr
its probably a lot cheaper than the fr235 and has all the functionality of the fr235 except the optical heart rate sensor.,hr
i have synchronized my fr235 with strava and the heart rate data gets synced there though i am not able to see the hrin starva in real time.,hr
"it never claimed that the heart rate monitor work well with those things, like weight training.",hr
"if you want to monitor your heart rate during the day you could start a workout, change the view to only show the fields you want(hr, time etc) then it will display that information until you stop the workout or the battery dies.",hr
it's not really meant for that but the optical heart rate is good enough to give you a decent (not great) reading of your heart rate and calories during your workout.,hr
"thanks very nice & detailed review, can you please do 225 vs 235 heart rate measurement comparison during various activities....",hr
"compared to garmin fr225, i've seen many reviews saying the heart rate monitor, which they said made by mio is quite accurate.",hr
@the run testers unfortunately had a bad heart rate sensor waiting for garmin to send me a replacement.,hr
the one in forerunner 35 seemed to be working fine until i have discovered that displayed value was based mainly on algorithm using cadence sensor instead of the actual measurement of heart rate !!!,hr
for example : when i was in sitting position and started moving my hand up and down after one minute my watch was showing heart rate 120 while my actual heart rate was 75.,hr
"hi really enjoying watching your videos, just bought myself a 45  your videos have really helped setting up the watch , not to technical me ,aged 61 
been really enjoying my running parkrun  orienteering and hashing, done a couple of 10k races was going to run a half marathon on the coast path ,but son was worried about me having a heart attack so have got the watch to keep an eye on my heart rate .. thanks again",hr
this watch will accept a heart rate monitor.,hr
"for example when i started running 10ks my heart rate would often end up around 180, over time i could see improvement to 160 on the same watch.",hr
"m430 has been out 2 years and is still a capable watch.... for me it would be the 45: better battery,  much better looking model (unless you want that kind of look), the 430 will only measure heart rate when you tell it to or if in exercise, the 45 will do it throughout the day.",hr
i would consider trying to listen to your heart when running and not worrying too much about the watch stats too much about heart rate during the run - look at them after and analyse it when you're back home 'run by feel'.,hr
my heart rate monitor seems off.,hr
"ok tell me about the gunk around the heart rate thingy ,how do you keep it clean,for 900£ watch",hr
people say that the heart rate monitor doesn't work and most of the complaints are about that.,hr
i would like to cut some weight and am looking for something that can track calories and heart rate effectively.,hr
is the wrist heart rate monitor accurate “enough” or do you recommend to buy the chest monitor as well.,hr
why does mine constantly say abnormal heart rate detected,hr
"the battery life pales in comparison to the instinct, however, the se has the more accurate heart rate sensor and a really great smartwatch experience with an iphone.",hr
"wrist based heart rate for mtb is iffy at best on all watches just because you're bouncing around on bumpy terrain, so if you want reliable heart rate data, i'd suggest investing in an external heart rate strap.",hr
it was not able to grab an accurate heart rate once.,hr
after both workouts it had my heart rate ranging from 78-91.,hr
it works great with my chest heart rate sensor.,hr
"mtn biking i just need it to track for the most part, but as a runner i'm sometimes glued to my watch monitoring cadence heart rate pace etc.",hr
i've also noticed some inaccuracies with intense movement on the heart rate monitor.,hr
i really appreciate the highlight top right which shows day and date.... as my garmin fr235 which constantly shows heart rate which i love..... the date is so tiny.... and love the elevation ....... did i mention reminds me of my gshock,hr
heart rate seems to be kinda ok but i will do some nerdy tests and calculate the accuracy.,hr
i went ahead and purchased this watch and ended up getting a massive contact  dermatitis under the heart rate monitor.,hr
it does not have music storage nor headphone support but it can pair to bluetooth heart rate straps.,hr
it was showing my heart rate dropping to 30 at night.,hr
and optical heart rate for swimming...its been years hahaha,hr
"hi i used  235 and edge 25 for mtb , i saved up and upgraded to fenix 5x and loved the training status and vo2 max recovery time,  since covid 19  i've taken to trail running and all my training status has gone, i get a message (run twice outdoors with a heart rate to see your status) does this mean none of these functions work only on flat roads or track running.",hr
it took some years for garmin to implement the heart rate colured gauge into the split screen data fields xd.,hr
very disappointing with the heart rate sensor.,hr
heart rate accuracy is going to depend on the type of activity that you’re doing.,hr
"i would like to go on hikes, get directions and monitor my heart rate at the same time.",hr
what do you think of the heart rate monitor as many people complain that it doesnt work properly on the 5 plus and 6 pro.,hr
i even saw a comment where a guy said that the tattoo on his wrist causes the heart rate monitor to not work due to the type of leds garmin uses or something or other.. very strange,hr
"(not the regular) chest strap, measuring your heart rate also when swimming!",hr
"you get longer battery life, more training tools, offline maps, etc... as well as a much more rugged watch.",battery
seeing as how you are getting fantastic battery life--i think it might not be necessary.,battery
the apex pro has significantly longer battery life.,battery
only thing i don't like is the charger and charging port.,battery
mapping and the large screen along with always on display and long battery life were the key features for me.,battery
"i'm into outdoor trails so i hope that the maps, battery life and easy to read display will serve me well.",battery
body battery is pretty cool!,battery
"if my battery is low i'm not going to take a nap on the spot to ""charge back up""!",battery
@chase the summit good point about the small display meaning longer battery life.,battery
i have a forerunner 245 and i love it but i would gladly give up a few hours of battery life if they would put a larger display in it (and even better if they made the whole watch a bit larger with a larger battery).,battery
lots of battery life means dim/small transflective displays.,battery
"music, wifi, solar, mapping, more training metrics, way more battery life.",battery
the fenix has the best battery out of these three by a long shot and potentially has mapping if you're considering the pro model.,battery
i still prefer the fenix 6 for all of the other features like navigation and standby battery life.,battery
"in that case there's less of an advantage but you'll get the bigger display, better battery life, and newer user interface.",battery
"you get a bit more battery life with the fenix 6 along with the new ui, larger display, sleep tracking, map themes, and a few other features.",battery
"basically, better battery life, on-board music, garmin pay, bigger screen, more detailed maps, new user interface, and a few other bells and whistles.",battery
"for me, i like having extended battery life and more sport-dependent features.",battery
battery life is a main component in my decision so i was thinking more of those self charging solar types.,battery
something must be wrong with your  music and its battery use.,battery
i play music  a good 12 out of a 24 hour day and i can only tell a hour difference in battery life over a weeks time .,battery
maybe a dud but the battery just died.,battery
great review 👌🏻 have a 3hr and am looking to upgrade to a device that has great battery life with internal music.,battery
"also make sure that under the battery management > battery saver  ( make sure if its on during night , that the activity tracking is on during sleep, otherwise youit won't pick up all the metrics.",battery
only reason i don’t buy a garmin is that the battery can’t be changed.,battery
garmin will service the battery if it becomes degraded over time.,battery
"i didn't ever want to use the music on the watch just because how you have to do it, i'd rather have battery power and i'm not usually on runs for 6 hours, i always have my phone on me too.",battery
"i have a forerunner 920xt for 5/6 years, but that device does not consume battery as much at the fenix 6 i suppose.",battery
unfortunately you'll need to contact garmin for a battery replacement.,battery
battery life i was very impressed!!,battery
"now, last one week i uploaded like 10 different watch faces from garmin connect iq and it warned straight away about the battery life...",battery
i never expected that this fancy watch faces can reduce battery life so drastically!!,battery
"it is fancy and fun with tons of information, but it reduces battery life pretty much...",battery
i did a 4 hour trail run on saturday with music and gps+glonass and still had 70% battery life when i was done.,battery
😊the battery life is pretty good,battery
great battery life.,battery
i read now the difference between them and i think i am going with 5 sapphire as i can be without those extra functions and receive better battery life.,battery
the 5 sapphire will have better battery life.,battery
"@chase the summit yeah, my friend has 6 pro and his battery life is amazing.",battery
the 5 plus is almost everything the 6 is with the only big limitation being the battery life.,battery
garmin will replace a battery for a fee of around $75.,battery
i'd probably use the music on the watch more if it didn't totally cripple the battery life.,battery
"@chase the summit having the 3hr sapphire version since 2017, still receieving updates, glass is flawless, battery hold up to 14 days while using it purely as a watch, and approximately 7 days while using it with workouts / gps.",battery
but i like that sweeeet battery life.,battery
it would hurt battery life and wouldn't be as readable in direct sunlight.,battery
"for now, it's not worth the huge hit in battery life.",battery
you didn't mention how the solar charging performs.,battery
basically for the more robust build and slightly better battery life.,battery
"the screen is better, and there's a substantial bump in battery life.",battery
"for me, huge improvement in battery life was worth it.",battery
i never got a problem and also love that when the battery dies the activity is saved before properly....,battery
body battery is kind of cool but i honestly don't know what value it serves.,battery
my battery is almost always low but its not going to stop me from getting a run in.,battery
i think the biggest difference is the larger screen and much better battery life.,battery
"chinese brands are doing this for ""extended battery life""...",battery
i'm still at 96% battery life after 12 hours of regular use and some initial config time.,battery
you mention in the video that displaying seconds in the watch face reduces battery life.,battery
"i googled info about displaying seconds and found an old reddit post and someone said you had said ""dcrainmaker said changes to the operating system have essentially eliminated all battery hit from the watchface showing seconds and that the new upcoming connect iq (at least for fenix 5, not sure fenix 3) will allow 3rd party watchface to show constant seconds with no battery hit also.""",battery
"battery life is great, smart watch features are amazing, and the data you can get from exercise, sleep, running..... you get the idea, will astound you.",battery
anyway i’m happy with battery life even with the fenix3,battery
can the solar edition charge from a dead battery to full using just solar,battery
"screen is great i love it thats a big improvement, data goes faster and overall feel is better and battery life is arround 2 weeks which is good.",battery
why have to disable features to save battery then just buy a normal watch or buy the new gshock solar fitness with all these features for 400 dollars and look more for male watch,battery
and the placement of the socket stops you from charging it while wearing on your wrist.,battery
"with fenix 3 i cheated a bit - i bought a spare charging cable, used multitool to make a hole in it so when i put that contraption on my wrist, i can charge the watch while using it (e.g.",battery
garmin informed me that it will only vibrat 2-3 times due to trying to safe battery life.,battery
i own fenix 5x ...i have smartphone connection issues i cant recieve notifications ...so be aware before spending lot of money for these devices...nowadays there are lot of   sports watches which are very good ...and btw you cant change the battery so its not worth the money for max of 4-5 years,battery
maybe and it’s a maybe the battery management.,battery
i always found the battery life on vivoactive models to be a bit exaggerated.,battery
they were conservative with the battery life claims on the 745,battery
it's stage since other x45 devices all got their battery life doubled from the previous generation as the sony chipset is twice as efficient.,battery
i wonder why and suspecting garmin is handicapping the battery life on purpose to make 745 less appealing.,battery
when i asked garmin about this they said that they kept the battery life estimates conservative.,battery
when you think of the battery decay it might be too close when you do an ironman.,battery
the only real reason to buy a 945 in my opinion is the longer battery life.,battery
@desfit they figured out how to get decent battery life on the venu.,battery
"ya it will be interesting to see what happens with amoled displays in the future, but i still like me some long battery life!",battery
"@desfit  honestly, i bought it used, but it was having battery issues, and wouldn't update maps in express, so garmin replaced it for me, even though i wasn't the original owner.",battery
"maps, size, increased battery life, and golf 👍 you did good with a 945 at that price!",battery
could be for bigger battery,battery
until i saw a battery life.,battery
yeah - battery sucks.,battery
when battery gets worse over time i dont want to risk it.,battery
"i was waiting a 655/745 but disappointed with this battery and size screen (only 1,2”).",battery
no maps and  less battery on the 745,battery
"i know this is old now but i just bough this 235 watch and  the battery has gone down 60% in 3 day so far, and i have had it on my wrist 24hrs/day (going to have a nice tan line).",battery
it now sits unloved among a mess of charging cables.,battery
"battery is great, even compared to some of the newer versions and its nice and simple to use.",battery
great battery life and no hassle of touch screen.,battery
i don’t understand why people harp on battery life so much.,battery
the garmin instinct the battery is 14 days charge,battery
"ar media my buddy has the vivoactive 1, and he turns off most notification to keep the battery running longer.",battery
i have a gear fit2 i’m testing out now but battery life is terrible.,battery
looking for something with a week battery life if possible which i think the 235 gets,battery
"you said battery life was about 2-4 days, i'm assuming that's day to day activity.",battery
"as long as the watch has me
1) distance
2) pace
3) bluetooth
4) good battery
5) some water resistance 

than it grabs my attention",battery
"battery life is amazing, has really genuinly useful not gimmicky race and training features.",battery
"the hrm on the 235 isn’t that accurate, and the battery life has been reviewed as “bad, very bad”.",battery
"from full battery until today (5 days later), i still have 25% battery.",battery
it definitely has good battery life.,battery
great great great .. oh shitty battery life :((((    ...  i was hoping for like a 1 week #wishful-thinking,battery
i've had the 235 for 3 days- done 2 runs and battery still at 60% so pretty pleased with that!,battery
"i dont really believe that they are worthy succesors for the 220 and 225.there arent a lot of extra useful features for activity added to this watch in comparison to the 225.and there is one major  drawback,the battery life which was one of the fr 225 best features,lasting up to 6 whole weeks...",battery
battery life is very important to me.,battery
"+paweł wojtusiak well i havent seen the specs for the 235 but take a look at 4:51 ,i think  that is just diassapointing.however, if you have the option to turn off the 24h hrm,i think that would extend the battery life by a lot.",battery
"+thanoszev forerunner 230 battery life: 16 hours training, 5 weeks watch + at + notifications.",battery
"after a 90 minutes run yesterday it only drained 4% at the end of the run; a huge improvement with my experience of fitness tracker apps on my cellphone, which can drain up to 40% of its battery during a day run.",battery
the extra metric features are just a gimmick garmin adds to drain battery life; so they are no use for me.,battery
"i wish the 245 had a more premium look , other than that, it is the best garmin watch with body battery and music.",battery
i have samsung gear sports but the battery life is pretty average and i do not see a lot of details.,battery
i been going through reviews and some say that the gramins caused skin burn due to the led sensors or the charging ports.,battery
this is a good watch with battery life but garmin connect is enouh to stop you wantig touse it its soannoying and flaky in its connection to your devices,battery
the vantage m gives you some interesting training insights if you're big into your data and has more battery life than vivoactive when you're tracking using the gps.,battery
the battery life is very good.,battery
the battery life is still great even after a couple years.,battery
"honestly, the only thing i _don't_ like is the charging clip.",battery
i can only imagine the charging clip being a pain to replace!,battery
very accurate and amazing battery life!,battery
after 8 hours of sleep my body battery displayed that i had 6/100 for an entire day (it happened many times/days).,battery
but the battery now is only good for a 2hour run...,battery
sadly after 2 years of fenix use the battery life is now demising and takes longer to charge up.,battery
"the va4 will likely get better battery life than the sq, even with the always on display being disabled.",battery
appears to be all plastic resin other than the charging port.,battery
(the 6 hours vs 6 days of smartwatch battery life 🤦‍♂️) 😂,battery
"same price, but with 20 days battery life along with a barometric altimeter sensor (to track muscle power during fitness).",battery
"the lcd screen is much more vibrant but if you were to enable the always on display, it would be less battery life than the va4 which has an always on transflective display.",battery
"would love a direct competitor to the coros pace 2 in terms of features, price and battery life!",battery
"hi arturo, the battery performance is pretty simiar to the 245.",battery
and my battery doesn’t last longer than 9 hours.,battery
music was a big turn down from coros (great battery life though).,battery
"the puls sensor is a bump for better accuracy, and the battery is holding 5 days now with full tracking with puls and sleep and bluetooth on...",battery
"""i like the color green, because it's like my battery is full.. haha"" lololol.",battery
it's part of the smart monitoring to save battery life.,battery
"however the 620 does not have connect iq (see my video about connect iq), does not have glonass (gps is less accurate than fr235) and other smaller functionailty (wrist based background light, lighter and thiner, maybe better battery life).",battery
i've been reading about garmin trying to improve the battery time with firmware updates.,battery
"the battery life is covered a lot here because so many watches, both cheaper and more expensive, last much longer.",battery
that battery life seems a big issue.,battery
depending on your distance should get around 5 days of battery mate.,battery
body battery coming up...,battery
turn off everything and you save battery life.,battery
how to get the battery status on analog watch face..,battery
garmin battery estimates are a bit deceptive.,battery
no replaceable battery but they sometimes do refurbs.,battery
"that’s normal for a transflective, always-on display that’s optimized for long battery life and easy readability in direct sunlight vs an oled display that may look more vibrant but battery life generally suffers a bit.",battery
kind of ready to upgrade to better battery life though,battery
battery should be a huge upgrade from the 645m i currently own.,battery
"but for me personally, battery life has never really been an issue with garmin devices.",battery
@cooloutac 1. added oxygen sensor & body battery is nice to have not more.,battery
i'll probably forego solar for now since i rarely need those extremes of battery life.,battery
i'm sporting a fenix 5s right now; i really hope garmin will update the watch software so that fenix 5 series will have the battery saving modes too.,battery
"battery life is drastically better with the garmin but your not going to call, text or have a “phone like” amoled or equivalent screen.",battery
battery degradation will generally be the issue as time goes on though.,battery
"but 2 weeks ago i noticed that the battery goes down fast, it doesn't matter if i turn it off, the battery still goes down.",battery
"the instinct was designed for durability and long battery life with an outdoor focus, while the se is a smartwatch first and a fitness watch second.",battery
"i throw myself in the tiger cage:
imo the amazfit t rex looks better and more modeen, has more battery life and is lighter.",battery
this will reduce battery life a bit but will the most accurate.,battery
recently been bothered by garmin instinct battery is irreplaceable.,battery
i love how light weight it is for me and the long battery life.,battery
i am looking for something to track my hikes so i don't have to eat up my phone battery and risk being without backup in the woods.,battery
oh and the battery life is epic.,battery
i'm also trying to do more outside and the battery life itself sounds better than my current vivo.,battery
"i'd use it for running and mtn biking, battery life alone seems worth it compared to my forerunner 235.  track back also seems like a cool feature.",battery
"the reason why i won't get a samsung watch is the lower battery life, twice as long charging time, screen that turns off, and the loss of features when you don't have a samsung phone and an even greater loss of features when you're on ios.",battery
"awesome watch, it is my first smart watch of any kind and wow, as an engineer i love this one for almost anything it can do, battery life, customisable buttons (i love buttons), retro, price and many many more reasons.",battery
i have an aw4 now but don’t enjoy 1.5 day battery life.,battery
"i have bought this watch after the review and i can tell you it ripped me seriously:
a. it stopped saving tracks and exercises - full reset
b. it started to consume its battery life in 6 hours to zero - full reset
c. it broke down several times whike using it for navigation in difficult terrain (horrible)
d. it was not getting connections anymore after a time, with  none device
e. it couldnt connect to wifi either after 4 months

just premium priced bullfuc*",battery
a microphone adds a lot of battery overhead to operate.,battery
"thats what i need for when i do a 3 week trip into the mountains, my battery pack won't last that long",battery
"so the fenix 6 base range is a total downgrade from the 5x plus or 5 plus range..other than the better screen.. the pro range has the same main features as the 5x plus....but better larger screen.... better battery life... more storage... 
and the solor has no sapphire crystal.....",battery
i purchased the fenix 6x pro solar watch and as far as i can tell the solar charging ability does absolutely nothing to charge the watch.,battery
i left it outside in full sun for two hours and no change in battery icon.,battery
solar charging is useless.,battery
"for me, solar charging is pure marketing feature, beside it cost more then sapphire version which is pathetic!",battery
im curious about some of the information you provided on the battery life.,battery
"i was pretty happy with the fenix 3 but the enhanced mapping, health metrics, and improved battery life really won me over.",battery
it's using a transflective always-on display not an amoled or serious monster battery display drainer.,battery
"their sensor isn't super battery efficient compared to garmin/polar, as it's not really designed for that purpose.",battery
"honestly, the only thing on my wishlist is longer battery life.",battery
constant charging should be bad for the main battery.,battery
the only thing that they added is body battery feature which is nice since it includes hrv.,battery
"however, body battery function does not give you guidance as to adapt your current training plan nor does it give you a live feedback how much you should push yourself in each activity.",battery
"while solar charging is cool, technically, i see it mostly as a proof of concept.",battery
"even if it can use less battery when not in an activity, that’s still an improvement.",battery
in my written review i give some super specific battery burn rates and the impressive solar aspects (from testing).,battery
still really think a seiko kinetik style charging would make the most sense for watches for running and hiking.,battery
in the winter i always have the watch under my clothing to save battery and avoid cooling the wrist.,battery
"so during the part of the year when topping up the battery is needed, solar won't help.",battery
"amazing review, was hoping for wireless charging but got solar charging instead not sure how i feel about that.",battery
"size, which results in a bigger display and battery life for x model.",battery
"looking at my watch i also want to enjoy the experience, the colours and sharpness of the garmin watches are great for battery life, but just don’t look sharp, i’de rather have a forerunner for running and battery life, and a fenix with an oled screen.",battery
pls dnt buy garmin watch bcos after less 2 yrs  ; the battery  will die out and garmin  dnt hv the option  to change the  battery  ; they will ask you  to  buy new watch  ; very  nt environment  friendly .,battery
i've read reviews and it seems like solar doesn't really add that much in terms of battery life.,battery
having a hard time deciding between the extra battery life of the solar vs. the extra protection of the sapphire glass.,battery
"extra cost for less protection, no real appreciable battery - although that blue bezel does look enticing!",battery
this release was bringing that solar charging technology to the mid-sized 6 pro and smaller 6s pro with new models.,battery
battery life improvement on fenix 6 with solar is too low to matter.,battery
one extra battery day.,battery
the big consideration will be the battery life which is on the shorter end of things.,battery
i will definitely upgrade only when solar charging removes the need for cable charging.,battery
the solar charging differences are more drastic on that device.,battery
"i have this setup on my 6x pro solar and it does not affect the solar charging ability (that is measurable) and if it gets scratched, you just pop it off and slap a new one on.",battery
"great review,  excellent explanation of course creation, navigation, accuracy, battery analysis,  etc nice work.",battery
"if you don't need the battery life in the backcountry, go with sapphire.",battery
"and for the increased battery life with solar, check out the article in the link.",battery
i think it's worth it for extended trips where battery power is important.,battery
for battery life i trust anker 😉always with me on bike and hike not swim 😂,battery
"i’ll go with the fenix 6x sapphire black dlc 
i love the battery life and the fact to take puls under water the hiking features and bike features are also perfect for me...you have a new subscriber.",battery
@hikingguy.com i've taken to charging mine every few days while i shower and finish my am routine...,battery
"solar functions is quite useful, some people say, solar does not extend battery to much.",battery
battery life is just awesome too.,battery
awesome review 👍 finally a solar battery test!,battery
great watch battery last a long time,battery
"i used to rely on my cellphone's gps, that not only was inaccurate, cumbersome to carry around, and not a good idea to show off in public; but also used to drain 35 to 40 percent of my previous phone battery life by the end of the day.",battery
"i would love to get my hands on one of the fenix products, one aspect that i love the most about it can be charged by solar charging glass!",battery
my biggest question is about battery life and how to make it last longer than 24 hours for an ultra if needed.,battery
"wireless charging, cellular connection etc would be things that would seriously drive battery life into the ground and cost through the roof (not to mention monthly cellular).",battery
still the best good looking screen/watch face is samsung watch/gear .. but yeah they battery is suck that's why i stick with garmin,battery
my fenix 2 battery just died.,battery
i am pissed about the price but i think i will be upgrading from the 645 to the fenix 6 pro for the amazing battery life while on deployments and the great look over the forerunner that you mentioned.,battery
"i mean the solar unit doesnt really add much battery power, so the 6 pro sapphire has prolly all you may need, thats the one i would go for if i was going for fenix, but i am getting the new vivoactive 4, since i dont need maps and its much lighter.",battery
"the solar model is fadish, you're always gonna recharge the watch, why not get a 20,000 mah solar rechargeable battery pack.",battery
"this model is perfect for me as i play golf, ultra cycling, swim, run a little and some football so it ticks the boxes for me and with the extra battery life and features, it was a must for my ultra cycling.",battery
22 day battery life on my 6x solar does it for me.,battery
"any idea why my fenix 6 pro didn’t spit out a vo2 figure after my run today (10k regular run; not trail run) 

it did the other day after i did a similar run, the only difference today was i followed a course with the map on whilst tracking my run today as i did the other day.",vo2
depending on in what climate you live in heat acclimatization will cause periodic variations in vo2 max.,vo2
@chase the summit the thing is vo2 max estimate by garmin is adjusted upwards when you train in 20 degrees celsius or above.,vo2
"after i tighten it up and not wear it on top of my long sleeve shirt, my vo2 max estimate jumped more than 10 points :)",vo2
you need a power meter to get your cycling vo2 max.,vo2
👍 having separate vo2 max values is a nice feature to have.,vo2
"also, your vo2 max seems insane!",vo2
i have many hills around my neighborhood and they don’t affect the vo2 max readings,vo2
"in fact, if you use the trail run profile it doesn’t account for that data in your vo2 max.",vo2
the main difference will be the pulse ox sensor which measures blood oxygen levels.,vo2
"on my watch (245), oxygen saturation has a range in 92% to 97% at the same altitude during the day.",vo2
"the venu sq has a blood oxygen sensor which can provide more information during sleep, and the instinct has an altimeter, but other than that they perform basically the same for fitness and hr.",vo2
you’ll also get the blood oxygen sensor.,vo2
does this measure vo2 max,vo2
4:50 when his vo2 said superior 😧,vo2
"hey, des, quick question for you, i have the 6x pro solar and had 5x plus before and like everybody else love to see all the stats like vo2 max and pulseox, now also respirations etc, but i’m contemplating getting instinct tactical for work and deployments as a second watch as it’s more durable and i wouldn’t have to worry about scratching it.",vo2
no vo2 kills it for me,vo2
vo2 max measurement is just an estimation on watches anyway.,vo2
"and not having vo2 max is slightly annoying, but i’ve survived so far in life without it.",vo2
vo2 max is not a necessity but it’s nice to have as a gauge.,vo2
really needs vo2 max !!,vo2
"yep, i would have gone for that watch if it wasn’t missing the vo2 max.",vo2
maybe when the oxygen sensor proves to be useful i'll upgrade my fr 935 for the 945.,vo2
"concerning the garmin tactix charlie, does it have wifi, music playback, garmin pay and oxygen sensor.",vo2
the original ones are too expensive if you think about it.,price
"@bartosz zdrojewski i guess they didn't want to stuff ""cheap"" guts into an expensive case.",price
if so then the fenix 6 might be a better option than the more expensive fenix 6 pro.,price
"it is a very expensive watch, but garmin insists on calling all these, including the fenix series as ""recreational devices"", as if that is a way to avoid fixing the known faults.",price
these aren't cheap watches but for the right person it's worth the money.,price
"i think about 6 pro, 6x is too big and too expensive especially in poland.",price
"hi, thanks for covering a wide range of use cases for these expensive watches.",price
i won't pay 599 € (which are asked from a bunch of resellers in europe).,price
"yes, expensive",price
the 745 is crazy more expensive than it should be.,price
this expensive crap can't do it.,price
my wife spotted it on an amazon prime deal for only one day a few days a go... very cheap ;-) i am very lucky!,price
this is very frustrating for such an expensive watch.,price
"boud verborgt personally the 235 just because of the budget 
but if you want to go all in the fénix 3 is a great watch.",price
"i'm looking for something very simple ,and hopefully on the more budget friendly side of fitness tracking watches, for running and keeping track of times and distance.",price
i will say they are nice but really they are expensive i don't get why the 235 is $80 more,price
"hey, im trying to get back into triathlons again but want a watch that isn't to expensive and can play music.",price
"well delivered and clear with lots of information, i am looking into buying a smart watch but doing my research first as they are expensive and want to make sure they are not a waste of money.",price
"a bit overpriced at amazon even at $267, thou!",price
@desfit wow such an expensive gadget and doesn't track stairs climbed.,price
"yeah, trust garmin to pull their cheap moves as usual.",price
im struggling to pick a watch.i want 1 good for running but eith good features as well any suggestions i have a budget of 250,price
you can jump to the category that matches you budget in the links in the caption.,price
guess it comes down to your budget and how cheap you can find a 5.,price
if you can pick one up on the cheap (got mine 2nd hand for £200) then it's well worth it.,price
i was looking into their watches as well though just went with the 235 cause it was cheap on fb marketplace!,price
"both are great, but if you have the budget for the original venu then i'd go for that since it has a brigher display as well as an altimeter.",price
definitely they put some cheap sensors on this watch.,price
both these watches comes under budget friendly.,price
just looking for the best budget,price
"the se is a solid buy, but also check out the series 3 if budget is a concern.",price
garmin venue sq will fit my budget but my concern is if i can see or not my total km running distance over a period of time .,price
"if you have the money the venu is pretty great, but if i’m you’re on a budget the sq still does quite a bit 👍",price
"they don't have the need to appeal to customers for this, they should stick to what they know, i feel this watch shape and just the menus and everything makes it look cheap and nothing worthy of garmin",price
"the 245 is a great smartwatch, shame the bigger more expensive 745 couldn't keep up!",price
its crazy how expensive these devices are and still only have 3mb of storage space.,price
these expensive things are always a hard choice!,price
i just bought this watch from best buy and its pure cheap garbage.,price
shame you got a dud but i don't think the watch feels cheap at all.,price
metal is cheap too you know and the use of plastic doesn't denote bad build quality.,price
i have found that the 235 is more expensive online than the 620!!,price
the fr45 with 3 fields on a screen and 3 more on next screen maybe enough and affordable for me 😁,price
i'm currently using the forerunner 35 and my upgrade budget includes this and the f235 (not 245).,price
"good review, you mentioned the stryd pod, which is expensive for what it does.",price
"i bought mine the other day most expensive thing i have ever owned, it’s an amazing piece of kit especially the maps tracking during walks or runs.",price
"this is greedy and
fucked up, i will never buy another flagship model again until you make a
policy change for flag ship top dollar products.",price
"an example is this watch, an already very expensive watch, can only show 6 data fields in activities but the 6x pro and 6x pro solar can show 8.",price
"don't get me wrong, i like the watch but i think its very expensive if you pay full price and considering the base model only has 3mb of storage space, 2 pretty lackluster watch faces, no maps, no music storage etc.",price
the price is around 200 euros in greece.,price
"for me, the instinct is outdated and overpriced (just like everything from garmin... sorry).",price
i'm used to larger and heavier watches so when i got this one in the mail i was a bit disappointed and it felt a bit cheap because of it's lightweight and small design.,price
"hi, great reviews, helps me a lot in choosing the best affordable gear!",price
ya falling down the rabbit hole of watch research gets expensive doesn't it.🤓,price
@i lick the insides of microwave popcorn packages  ya i was hoping this watch would be better at sleep tracking than my current cheap totobay 75 dollar watch i got off amazon.,price
"i practice enduro mountainbike, and i bought the instinct for the shock resistance and because it is the only cheap model with altimeter.",price
"this is greedy , i will never buy another flagship model again until you make a
policy change for flag ship top dollar products.",price
"@dc rainmaker okay i'll correct that statement cheers ,  the point is why spend top dollar on crystal sapphire when they don't support it after 1-2 years software upgrades.",price
"i just want to put it out there that when you by flagship product , you spend top dollar thinking it will last for at least 5 years of updates.",price
"just bought it and dissapointed, the watch looks cheap compared to suunto, and basically at 599 pounds is a rip off, and you can get watches for half this price which can do what you want them too.",price
price difference is 50 euro which i think is worth extra screen and battery.,price
i do personally wish fenix was slightly less expensive but then... who doesn't!,price
garmin needs to stop trying to have an all-in-one thousand dollar watch.,price
it’s expensive and i think my 5s will at least last for another 5-7 years.,price
seriously....who wants to spend this crazy money for a way overpriced toy..literally...way too expensive...not worth it !,price
"i am waiting for someone to change the market by providing a 200-300ish dollar watch with maps, music, training, open water swim, power meter connectivity and multi-sport mode.",price
it’s been going much longer than an overpriced garmin would last.,price
the most expensive setup doesn’t benefit from the sapphire.,price
garmin is way too expensive for me!!,price
oh man the top model is as expensive as a monitor stand now,price
but dang it's expensive,price
"it's not as big as some of those crazy expensive ones, but it's definitely a little beefy.",price
i only post reviews for gear that i actually use - if you're on a budget try the garmin instinct - i used it for a bit and it's great.,price
"expensive and huge), maybe not too limited.",price
lol to everyone hating on how expensive the fenix is.,price
i'll say this again and it goes for any expensive item.,price
but right now it's got ridiculous to try and keep up with the latest..... and each generation gets much more expensive than the last.....,price
overpriced,price
creazy expensive for a watch that last 4 years,price
truly disappointing for something so expensive geared toward the active person.,price
"it's expensive but i don't know about ""to much""  think of what you would pay for some high end fashion watches or even dive watches.",price
as it is basically a fenix 6 in a more expensive package.,price
thid is around the time he stopped making tech videos and started making mattress videos 🥺 low-key think his wife got mad for buying expensive toys.,price
i think it's cool to have a large variety of option to choose from but the price range on the premium is definitely expensive with like $$$ probably wait for the special season to get it 300 off .. will probably still roll with my phonex sapphire 3 still a great watch.. maybe will convince me on the 7 version lol,price
"if vivoactive 3 music didn't look like a cheap toy, i would probably go for it.",price
"instead i had to buy fenix 5 plus which is kinda expensive and too versatile thing for me, but at least looks serious.",price
6 i to expensive and not worth upgrading from 5 plus imho,price
