comment,topic
the model i will purchase is the 44mm series 6 product red gps + cellular.,gps
i love my apple watch series 6 44mm blue aluminum gps,gps
"gps tracking, heart rate sensing etc is kind of wobbly.i happened to see this video where the person did some extensive research about it.",gps
i’m enjoying my upgrade from series 2 to series 6 gps cellular,gps
if you want to have gps and not carry your phone then no but as a watch its good,gps
"the limits for me are the lack of structured workouts (unless you use workoutdoors, which has been a little buggy for me), and the 1-2-3-go rather than a pause while it captures gps and heart rate.",gps
"both watches won’t be perfect, gps has limitations sometime the distance will be slightly off.the workout feature is more for when you don’t have a track or pre-measured distance.",gps
i posted many videos on the gps performance (trails/open skies/downtown) and running features of the two watches.,gps
i think i cover this in the video but the awse is pretty good in gps mode but not perfect in terms of hr data.,gps
"also while it does a countdown to start, 3 out of 3 runs had no gps lock at the beginning, making my starting points wrong.",gps
you mentioned that you’re able to send texts and calls but it’s the gps version.,gps
gps non cellular.,gps
it's based on gps data and averaged.,gps
"my decision of getting a dedicated watch for running, cycling, and swimming, is that the apple watch gps seems inaccurate.",gps
"yes, i didn't get perfect gps accuracy from the aw either.",gps
just got the apple watch se and the gps on it is off/inaccurate.,gps
"basic gps distance, elevation and hr.",gps
"it is very hard to see how accurate the gps tracks are compared to your actual path when you are looking at 2 sets of tracks stacked on each other (from an out and back)
2) try to incorporate routes that have a decent number of sharp turns or curves, so you can see how it tracks in comparison to easy straight line and ""gentle curve"" running
3) when comparing gps devices, wear as many as you can on the same arm.",gps
"all gps devices have some sort of sideways offset, so wearing the watches on different arms is a less accurate method of comparing; especially when comparing overall total distance and gps track accuracy.",gps
"also make sure that the watches are spaced by about 1-2"" so the gps antenna don't interfere with each other -- a buff or wristband

hopefully a few of these tips might be useful, i have learned many different things to watch out for in 5 years of gps device testing.",gps
i actually prefer out and back tracks for analyzing data as it gives you a better idea of how the gps is tracking on a single device since map data won't be 100% perfect.,gps
"however, this is the first one where gps and heart rate accuracy was not slightly below par.",gps
"yeah, my gps accuracy has been pretty decent from the awse so far.",gps
it’s a shame you got the se as it’s been reported to still suffer from the same gps issues as the older model.,gps
gps data from my se has actually been pretty good.,gps
also if you’re running with your phone it uses the gps from that.,gps
i love that i still get all day gps tracking while hiking using that feature.,gps
i still think that but the gps data on this review & others does look super accurate!.,gps
i have the impression that the geolocation data from assisted gps receiver of smartphones is generally more accurate than that from the standalone gps receiver of gps sports watches.,gps
mines the gps only version.,gps
typically i like to let my watch get a solid gps fix before taking off on my run but the aw just starts immediately.,gps
i suppose they're pinging gps in the background to reduce that start up time.,gps
i’ve been watching other reviewers claiming that apple watch s6 has a more accurate gps and heart rate sensor.,gps
i've been getting really solid gps tracks compared to my other watches.,gps
by the way can you use spotify on a gps model apple watch.,gps
this particular one in this video is the gps version,gps
was looking at 745 but looks like apple fixed gps so...(i am just a runner for now with an iphone...),gps
"i love my apple watch, but the battery in gps mode drains too fast.",gps
"i had the same experience, the gps showed the incorrect route i took.",gps
around 10% per hour it's fantastic for sports gps tracking!,gps
finally the apple watch seems to plot the gps data properly.,gps
really good to see that the gps corner cutting the apple watch used to do is gone.,gps
"thanks des, looking forward to the galaxy watch 3 review, especially hr and gps performance.",gps
we can't get week 1 tests on the gps corner sweeping from general tech channels!,gps
"thanks for the gps info on the series 6, if they fixed it on runs too then my main gripe with the watch is gone!",gps
"i mostly track my calories, fitness activities, sleep, and maybe some gps routes and compass.",gps
impressive gps performance.,gps
"nope, with either the gps or gps/cell versions.",gps
"i'd rather get the se than the 6, but if there are gps issues i'll pony up the extra $.",gps
i have heard from dc rainmaker youtuber say that it cuts corners and that the series 6 doesn't and a little better to the gps performance on running.,gps
what i care about more is the accuracy of the gps for sports.,gps
i had some examples of the gps performance in this video 👍,gps
"it would be very interesting to see how the se compares against a series 5, specially heart rate and gps accuracy.",gps
"in most cases, gps is  more widely available than lte so in general lte does not actually increase accuracy.",gps
"these tests were actually done without my phone, so yup, you can definitely track outdoor activities without your phone on both the gps or the gps/cell versions.",gps
this is the gps version which still can track all the outdoor activities without your phone.,gps
yes this is the gps version which you can leave your phone at home and still be able to track your outdoor activities 👍,gps
i believe the sampling for gps is at least somewhat determined by the app you’re using.,gps
i love your series 6 review and i’m very happy to see they have improved gps accuracy.,gps
jiří klepek i don’t recall where i saw it but i believe strava pings the gps more frequently than the default apple workout app but i’m not sure how much more frequently.,gps
i need to know if the default workout app polls gps more frequently.,gps
this made my decision to buy the gps version only :),gps
"this is the gps version which you can still use to track all your outdoors activities, even without your phone.",gps
"it adds endless data fields, faster gps sample rates and even onboard mapping/routes.",gps
@desfit keen to see if the gps and heart rate is better on the 6 vs se before i put my cash down on one of them.,gps
"if you don't need to see notifications that much, then i'd recommend the gps version.",gps
"you can download offline maps to watch as well, so you'll always know where you are with streets and the like, using gps only 
watch.",gps
i have it set as gos+glonass and recording every second yet gps drift is quite big.,gps
after wearing both on a different runs i've found the opposite looking at all the gps map tracks.,gps
the built in workout app isn't great as it smooths out corners but using good 3rd party apps like 'work outdoors' are far better and give you a gps signal meter and faster sample rate.,gps
"i have an apple watch5 and was wondering how accurate the gps was because the later iphones have really terrible gps accuracy, their older phones, i also have an iphone se are really quite accurate.",gps
42 mm series 3 gps + lte to 40 mm product red gps only model.,gps
i wish apple could offer stainless steel version with gps and wifi only for those of us that don’t want or feel the need for lte.,gps
would like to see a review of the actual battery life for gps recording to see how much it’s improved.,gps
mo sadik just went with gps model.,gps
i concern about price and gps acuracy.,gps
some reviews mention the worse battery life (watchos 7) and low gps acuracy in series 5.,gps
i'm just going to add -- the accuracy of hr and gps is significantly better on 6 as it polls at an almost athletic device rate.,gps
"daniel millan the series 4s all had 16gb, as did the series 3 cellular, series 3 gps had 8gb",gps
"the have lot's of variants and i think you should do honest review on stratos 3 with zeep app
due to the gps issues; i had to move from that brand to apple series 4 gps as they best thing is it takes three of less to lock on to gps unlike most of the sports watches.",gps
i'd agree with you on the gps front.,gps
gps and heart rate tracking drain the batteries faster (on both watches) but both have good enough battery that it's not even a feature we thought to include - because its so good and never an issue on either brand.,gps
gps + cellular.,gps
i wont use any features like the health stuff or gps or the compass.,gps
"18 hour battery life, only 6 hours in gps mode before the watch completely dies.",gps
"it has up to 30 hours in gps mode, still receives texts and notifications, waterproof to 100meters, 24/7 heart rate, full gps with galileo and glonass, compass, barometer, the list goes on.",gps
that’s with using gps mode 4-5 times per week when i workout!,gps
"no, the gps version doesn't have the cellular radios to make calls to emergency services.",gps
@chernobyl denier do some running while using gps and listening to music then talk :),gps
"apple is known to undersell the battery life when they market it because they are anticipating people to be making phone calls and using the gps regularly, which is a pretty uncommon use case.",gps
sad that apple only offering a trade in for my apple s4 cell and gps watch for 100$..,gps
series 42mm gps enough for me 😇,gps
i don’t think you can make the conclusion on the accuracy of hr and gps without comparison to other hrm and gps devices.,gps
"if you get the gps version, your phone has to be close by you.",gps
"also, gps tends to wander off close to tall buildings and around flyovers.",gps
"i have found out, that it states all the details about the watch on the back (size, material of the frame, material of the glass, gps and/or cellular).",gps
it doesn’t say anything specific about that but you can get the gps and cellular model which is good,gps
"hi , y are u mentioning that it doesn’t have lte while it says that it had gps and cellular",gps
i think what he means is that the one he has is only gps it doesn’t have cellular,gps
just not sure whether to get gps or cellular.,gps
gps too.,gps
gps is roughly the same on both.,gps
"gps is worse than garmin, it only lasts 5 hours, etc",gps
for me better accuracy in both gps as heart rate is key!,gps
"@dc rainmaker yea maybe it has to do with the fact that galileo hasn't reached full operational capability yet, but in my devices i cannot select an option where galileo is the main system, only gps + galileo.",gps
you are of course right that gps is the ‘basis’.,gps
"and finally, for the vast majority of these devices, it’s still using gps as the base.",gps
can you compare the series 6 vs series 5 in gps accuracy.,gps
gps took a minute or so to lock on so all your run data wasn't particularly useful.,gps
"also interested in spo2 ""accuracy"" testing if there are some comparisons that can be done there just like you have validated the hr and gps sensors vs other devices.",gps
particularly interested in the swooping that other watches have done in the gps track.,gps
"juan javier coka i thought that might be true, too (that it’s not using gps but stride calculation) but i am getting very good distance accuracy (compared to garmin) on cycling and even using cycling profile while on rollerblades so it has to be gps.",gps
i guess i will what until series 7 to upgrade and hopefully they will improve gps accuracy although i am fine with my series 4 but better accuracy is always better.,gps
i hate running with my iphone and i know that effects the gps accuracy.,gps
my theory its that its using accelerometer for pacing and distance instead of gps and the gps isn't working.,gps
"since the watch processor 5 not 6, i’m worried the heart rate sudden drops and gps would be less accurate like the series 5 like you reviewed before.",gps
"i got my series 6 44mm blue (yesterday)upgrading from series 3 42mm nike space gray (bought before 2months 🙄) i like the series 6 blue it’s awesome i bought the gps version but the blood oxygen and ecg doesn’t work for me cuz i am just 15 🙁 i upgraded cuz i love blue colour and the always on display is dope and also a new s6 chip  
i love it",gps
i could get a gps+cellular apple watch se plus a gps only se at $610 or go with series 3 at $170 on amazon for a total of $500.,gps
"i find that when my phone is with me while running, it creates inaccuracy in the gps path compared to just running with my apple watch alone.",gps
the accuracy will depend on your phone and that can vary from place to place however should be fairly comparable to the internal gps of the watch.,gps
"waiting for the in-depth review to see how their fitness tracking accuracies compare like that of gps accuracy , heart rate data accuracy etc.",gps
"battery life is 100% of the reason i still don’t have a “smart watch.” 

i will stick with my old casio pathfinder for backpacking trips, but boy would it be nice if they could make a cut-down gps watch with 1 week battery life.",gps
i charge it either an hr before i go to bed for sleep tracking or when i wake up before work,hr
the apple watch is far more correct with hr data.,hr
use a hr strap and your data is much closer to reality.,hr
the hr data is hit or miss like i said in the video.,hr
also hr data from series 6 is matching some chest straps.,hr
prefer to have a device dedicated to sports and hr tracking.,hr
i think the new aw6 might have an improved hr sensor though over the se since it also has the spo2 sensor built in.,hr
i do a lot of run/walk on my recovery runs to keep my hr low.,hr
just a shame about apples weird hr graph.,hr
i have to agree about apple's very odd hr graph within their app.,hr
the apple watch series 6 would work well and collects really good hr but you may find that you'll have to charge the watch often.,hr
"it should work fine, in fact, some people have found the hr accuracy to be better work this way.",hr
"i still love riding but would like the blood oxygen, ecg and bpm especially while riding and sleeping.",hr
is it comparable to the hr monitor of apple watch series 5 in terms of accuracy related to gym based excercises.,hr
"the galaxy watch 3 is performing better than the previous versions that i have tested however the apple watch series 4, 5, and 6 have some of the most accurate hr sensors on the market.",hr
"you will have to install third party apps to run interval & check hr zone, you can check for workoutdoors in app store",hr
"when i just get my galaxy watch active 2, it came with a slippery slicon strap, the heatrate reading is all over the place because it's sliding around on my wrist, it can display 110 bpm when i was just walking.",hr
pretty sure you can see your hr on the home screen with customizations.,hr
the apple watch 4/5/6 arguably are some of the best hr sensors on the market.,hr
the aw se will have the best hr sensor but other than that garmin's will provide much more in the fitness department.,hr
that infrequent hr lock is almost series 3 level.,hr
hr was a draw every time,hr
"but, surely your fitness guy isn’t using an 18 hr apple watch on his long outings.",hr
did find their hr sensor was not too bad after the first mile or so.,hr
is it have 24 hr clock,hr
"notifications, step counter, hr and all phone support.",hr
well it can ... the 18 hr battery life is true when you use it a lot with every complications enabled,hr
"it's apple only, has a terribly short 18 hr runtime (shorter when doing things like exercising which pretty much guarantees you won't make it through the day on one charge), doesn't have sleep tracking, no watch face store so you are stuck with the few that apple provides, and it's overpriced for what it is.",hr
yes....most people don't need an ecg and since the blood oxygen level sensor has no specs on how acurate it is...you should just go with the se and hr sensor,hr
i'm rocking the fossil hybrid hr after watching your review.,hr
@the dark knight yes the se is much better in hr tracking.,hr
it would be also very interesting to know the accuracy of apple watch hr during hiit (high intensity interval training).,hr
163 qualifies as my z2 hr,hr
"it's funny how much one's hr spikes trying to run, hold a camera, and talk semi-intelligently.",hr
i'm glad to see they got the hr sensor accuracy back to series 4 levels.,hr
"yup, i started to look into hrv, but wanted to get a bit more data at-rest (since that's primarily when optical hr data for hrv is more valuable).",hr
if i use bluetooth hr strap and turn on safe batt in workout app.,hr
"its so embarrassing that apple calls this a ""fitness watch"" because one of the most essential features - a heart rate zone bar - is still missing... that's why i switched to samsung and the galaxy watch 3.",hr
😱 all because my heart rate was showing it was in the 40s and with my pacemaker that would be impossible since it doesn’t allow my heart rate to go under 60.,hr
"i’d like to buy a watch to : 
- monitor my heart rate all the day 
- to follow my activity (to move more and burn more calories)
- maybe to check sometimes if is useful (i am 50).",hr
"if someone is on a tight budget, but want some thing that can track their heart rate and daily activities, that would be the one i would recommend.",hr
strava dosent pick up my heart rate either,hr
"i wouldn’t totally give up on this apple watch for such little things that could be improved with updates, because literally when im without the phone i have everything on the watch, music, i can make calls, audio recording, i can access all my social media just from my wrist with certain apps, have the latest pics i’ve taken from my library in the iphone, calendars, heart rate mesaures, electrocardiograms,and lots of things more.",hr
"you can sync the workout app onto strava really easily, and it gets the heart rate to work too.",hr
"i was in the same boat with the strava heart rate barely working on the apple watch, but now that i directly sync from my workout app it works awesome now.",hr
it might not pickup your heart rate because you didn’t put your age as at least 16+ - i had the same issue,hr
"i use a heart rate chest monitor with the irunsmooth app and it works great, can also connect headphones and a footpod, to the apple watch.",hr
"the iwatch does not give you much customizing of the data screens at all which is a shame, no heart rate zones, no lap buttons, and swiping the touch screen is not a great way to start/stop the activity.",hr
"you can't pair external sensors like power meters, or heart rate straps to that app.",hr
"chase the summit the most important thing for me is the accuracy of the data specifically gps, heart rate and calories.",hr
"however, the heart rate sensor hasn't been 100% for me.",hr
my only worry is the reliability of resting heart rate measurements of aw 6 because is not take metrics 24/7.,hr
"that heart rate comparison to different products is really helpful, great content!!",hr
is it possible to view stats like heart rate etc.,hr
i love having heart rate zones in garmin.,hr
we need heart rate sensor comparison betweens5 and s6 because s6 uses a new heart rate monitoring sensor...,hr
not sure this watch able to track my heart rate running or walking using indoor treadmill .,hr
the heart rate thing is also a nike thing (stock workout samples constantly during activities).,hr
i have an irregular heart beat (diagnosed by a doctor) and the series 1 does have a nice heart rate monitor which is really helpful for me when i am working out but i also want to see my heart rate while i am sleeping which my series 1 cannot do.,hr
also the accuracy of the heart rate monitor for me is really important and i feel like its not the most accurate in the series 1.,hr
it has heart rate sensor but no ecg,hr
"i want only a handful of workout features for my smart watch: a pedometer, a heart rate tracker, and maybe the ability to track how many flights of stairs i’ve gone up.",hr
"i got my mom a series 6 product red due to the fall detection, heart rate monitor and  blood oxygen monitoring.",hr
but the se still gets the irregular heart rhythm and heart rate notifications.,hr
any good for heart rate and maps,hr
tracking heart rate and sleep is cool for a few days and then i don't check it again.,hr
"all i need is great battery life, always-on display easily visible in the direct sunlight, notifications and simple fitness tracker - amazfit bip (45 days on one charge, transflective display - sic!, many many many watch faces, notifications, compatibility with android and ios, built-in gps, heart rate monitor etc.)",hr
@ara j the apple watch series 0 had all day heart rate monitoring even.,hr
"the most important things for me are heart rate accuracy, fitness tracking and battery life.",hr
"so i’m planning on getting this,  but i heard when your heart rate gets too high it alerts you, and i was wondering because when i workout my heart rate is just generally higher, even when i walk it’s always high.",hr
"but se does the arrhythmia tracking through heart rate sensor, fall detection, and all that stuff.",hr
running and heart rate especially.,hr
"hi ray, just did my first run with the series 6 and found out it still couldn’t lock my heart rate at the first 0,8km (using the strava app).",hr
"my heart rate monitor is faulty as loses my heart rate often during workouts, even when am doing a slow jog so it’s not giving me accurate calorie counts.",hr
when i was doing a slow jog it lost my heart rate and i’ve not known that happen before.,hr
heart rate has always been irregular in both devices.,hr
"on the medical side, they're doing some incredible things with mass-participation studies (like 500,000 people in a study on heart rate data), that are incredible.",hr
my watch also occasionally stops showing the heart rate while i am exercising walking or lifting weights.,hr
the ecg doesn't even work for me because my heart rate is lower than 50bpm and the fact the bluetooth has to be on all the time for it to get a notification or use siri has ruined my first and probably my last apple watch experience for me!,hr
"yup, it’s compatible but it will only transmit heart rate since the running dynamics that the hrm pro can collect are only transmitted over bluetooth.",hr
"my battery goes 35% down and your goes 10% down, wow",battery
when i wake up it only drained about 10% so when i am getting ready i charge it and then it is at full battery for the day!,battery
"i am using an apple watch 4, after upgrading to os 7, the battery has started draining faster.",battery
"i can’t wait for apple to figure out how to charge the watch with your movement, because the battery life is a bit shit atm.",battery
how long the battery charge last,battery
i thought apple watch is really good with battery time.,battery
i need them to work on battery life!,battery
"it got super slow, the battery didn’t last and it took long to charge, and for some reason i couldn’t pair it with my new phone.",battery
"the only downside is the battery life is pretty bad on cellular data, especially if you're streaming music.",battery
the bad battery life of my s3 is one of the main reasons why i'm considering an upgrade.,battery
"android garbage no matter the battery size for u guys, it will only last u half of apples",battery
pretty sure even people just got into the apple eco system will have a charging brick in hand as well.,battery
they need to somehow figure out the battery issue.,battery
i think the titanium case models comes with a charging brick so i really don't think apple not including it in the low end models has to do with the environment.,battery
i definitely wanna try it for the 1st time as i have heard highly about it (except maybe the battery life).,battery
what about actual battery life..,battery
no charging brick.,battery
battery life is not 18 hours.,battery
"on average, i would get about 12-13 hours battery life before needing to put it on the charger.",battery
just wish they would change the design it just looks bland and battery life is still pants!,battery
"i see that my battery life got improve in my apple watch 5 and it is because the sleep tracking in the sleep the watch almost shut down (it doesn't do nothing except show the time only when you fleep your hand and touch the watch)
the sleep tracking is very poor application the sleep watch app is much better you can use both because surprisely it is increasing your battery life in 15% of battery",battery
be aware of apple watch has problem with the display screen pop off by the battery swollen during after warranty then you have to pay for a repair.,battery
i think getting rid of the charging brick is no biggie bc even if you’re coming from android you can used your old android power brick and charge faster than the one that comes in the box of the apple one anyway.,battery
there hasnt been a charging brick with any apple watch unless you got the ss or edition models in the past.,battery
charging bricks are cheap and faster when ordered on amazon or somewhere else..if you dont have one,battery
yes how come apple watch don’t have no good battery life,battery
they are testing smart battery bands.,battery
but 44mm has more battery and more space for a very small device and apps esp letters etc are easier to read.,battery
the price should not be the same as last year's model as it doesn't come with a charging plug.,battery
"they don’t have reverse charge and apple not including the charging brick is not a good thing for the consumer, especially when apple cares so much for the environment that they will charge you $25.00 for the same brick you used to get for free.",battery
charging bricks are so cheap on amazon etc dude and faster too.,battery
charging brick is so cheap and even faster when ordered online or somehwere else.,battery
screw that - not buying one until there is a 7 day battery life minimum!,battery
"i'm sure you'll say the apple watch has more features but even so, i'm still not prepared to be charging it every day...",battery
"those smartwatches with 7day to 48day batterylife, when the features are all turned on only gets 10hrs battery life compared to 14hrs- 18hrs in apple watch.",battery
many have 1.5day battery life.,battery
the limiting factor is the battery not the rest of the hardware or software.,battery
"this, or the se, would be an instant buy for me if the battery was at least a two day affair.",battery
"i agree, the battery life is a total problem.",battery
the price should’ve dropped by $20 seeing how apple isn’t including the charging brick.,battery
"@erlend kristiansen just charge the apple watch like 3:24 here overnight or after waking up https://youtu.be/jkvymnwe5yu

some have 1.5days of battery life.",battery
so i can’t speak to the battery consumption of streaming music from the cloud to bluetooth headphones using the apple watch.,battery
the battery life would be amazing!,battery
waiting when they’ll have a one week battery,battery
apple with a few hours battery meh !,battery
battery life was the nail in the coffin for me... the watch needed too much attention from me lol.,battery
and improve battery life.,battery
battery just sucks that’s all.,battery
if you have an iphone..get apple watch series 4 not 5..better battery life and more accurate hr!,battery
never had to worry about battery or the app crashing.,battery
i'm looking to upgrade to a series 5 but the advertised battery life is 5 hours while using gps.,battery
plus battery on apple watch sucks.,battery
i think an important thing to note is the battery life.,battery
i returned my apple watch because it almost did too much and the battery life was terrible.,battery
how could use the apple as a serious running watch the battery charge alone would be a major headache.,battery
"i am good to go with strava .. but i am still bummed out about charging everyday .. 

i am gonna be using my iphone for now ..",battery
"not to mention the battery life is amazing compared to the iwatch, which is 1-2 days max.",battery
my apple watch series 3 up to 40 miles and still have battery left over.,battery
i like how low profile the apple watch is but the battery life can get a little annoying.,battery
i love it in every way even though the battery can sometimes be a pain.,battery
about the only thing i really miss with my 935 is battery life and sleep stats.,battery
"the only departments garming and others are ahead are buttons (if you prefer that over touch screens) and battery life, but i still haven't had my watch die on me during workouts, my series 4 (20 months old) still lasts all day on a single charge.",battery
"aw5 battery almost lasts me 2 days, but i put it on the charger every morning while having breakfast & showering.",battery
"also, the battery life is still  a bottle neck for  super long activities.",battery
apple watch got the nice screen and smart features and usually the best wrist base heartrate monitor but like you said battery life is a joke.,battery
i am an average runner/walker and you would expect me to prefer the apple watches but ....no... the battery life is abysmal and there is so much information on the watch that it feels like you can put your phone down and continue reading email etc on your phone.,battery
"the apple watch is way ""smarter"" for every day use but the garmin's battery last way longer.",battery
not oled but that's the price you pay for 2 weeks of battery life.,battery
"jokes appart, it seems a nice watch, for my side, i'll never will buy an apple gadget, principles, and the battery life of that watch...",battery
so i guess the apple watch covers a wider spectrum or let's say a little bit of everything however the 1.5-day battery is unforgivable.,battery
the battery life really holds it back.,battery
"i used an apple watch for tracking runs, and worked fine, biggest drawback is battery life.",battery
"the 745 has much longer battery life and can provide more in terms of the training stats like training load, recovery time, etc... but isn't as good a smartwatch as the apple watch series 6.",battery
i'm doing lots of testing surrounding battery life but i am doubting that it could last more than 6 hours while listening to music.,battery
it's unfortunate that the battery life is on the lower side.,battery
hows the s6 battery life for whole day,battery
i would also be happy to hear (especially from you) how long battery last without 'always on' and with it.,battery
i have no idea how people deal with 18 hours of battery life....,battery
different devices with trade offs explain the battery life.,battery
but with the bad battery life you will be dead as the battery was empty whenn you would have needed it 😂,battery
but apple watch does have a bad reputation for their battery :/,battery
"if you want a great smartwatch, the se, but the battery life isn't all that great at about 1.5 days whereas the 245 can get up to a week.",battery
hey desfit great review can do a video with se or 6 series on longer run say 30km or more just want to compare battery life with my garmin.,battery
"in the past when i would run 13mi with my series 4 with a full battery and with gps, heart rate, cellular and music all turned on i would have 35% battery life when i completed the run.",battery
"however, when i ran 17mi this past friday with my series 6 with a full battery and with gps, heart rate, bo2, cellular, always on display and music all turned on i still had 55% battery remaining when i completed the run.",battery
the down side is that more pings means faster battery drain although i haven’t noticed a huge difference on my series 4.,battery
"also, the ambient light sensor on se compensates for battery life.",battery
"you can safely skip a cellular apple watch while still being able to use all the internet enabled functions of the apple watch, and with less battery usage to boot.",battery
this watch is so wrong for this kind of application - the battery life is way to short!,battery
i have noticed some serious watch battery issue since watch os 7.0.1,battery
as for charging the watch each day/night didn't you have to wind up your old clockwork watch every day back in the day so what's the big deal..,battery
meaning 2 full nights and charging the third night before bed.,battery
admittedly it may be better in the long term for the battery to charge daily but i’m very impressed by this possibility.,battery
it’s battery life speaks for itself.,battery
"after hearing about how good the series 6 battery life is, i am curious how the apple watch se battery life will do!",battery
apple did  include a charging brick in my titanium series 6.,battery
"im getting the 40mm, always wanted a smaller screen and im excited for the battery capacity increase and no more force touch.",battery
"the 40,mms battery is going to be decent this year.",battery
substantially  better battery life would get me to think about upgrading probably.,battery
apple released a battery on your wrist that is 2% longer than last years model.,battery
"actually, the charging brick is included in the series 6 titanium models.",battery
i’m surprised by my apple watch 6’s battery life too,battery
"same design, same battery life.. micro led will be the real game changer and with s. jobs still in charge it would've be done already, such a bummer.",battery
"i don’t want to think about charging several “phones”.. and where to fit them in my socket.. one’s enough 😄

it’s not a crime.",battery
"after turning off all the things i didn’t need and setting up the new features i wanted, the battery life seems very impressive so far.",battery
with the new watchos 7 i checked the battery health and it want down to 98% around 3 weeks ago with the beta release installed and then a week ago had 96%.,battery
i trust the new optimized charging to last my battery as much as possible.,battery
with regards to battery life: the s4 and s5 were based on the a12's high-effeciency tempest cores while the s6 is based on the a13's high efficiency thunder cores.,battery
"we know that the thunder cores in the a13 delivered 20% greater performance than the tempest cores in the a12, which matches what apple said about the s4/s5 to s6 performance increase, but thunder also delivered 40% greater power efficiency, something apple hasn't mentioned but would surely make up for the better battery life a lot of people are seeing (even if the device is now powering extra sensors and radios while maintaining a brighter always-on display).",battery
i will bye the watch when the battery will last 1 week.,battery
"as for recharging, it not difficult to take the watch of for charging while having a shower or when you’re in some down time in the evening.",battery
"great video, the only reason why i’m buying the apple watch 6 it’s because my apple watch 2 doesn’t hold charge very long,  i workout and that drains my battery 🔋.",battery
"i think that as far as sleep tracking goes, i'm glad apple hasn't put third-party applications out of business; i've had the experience to use watchos 7 with the well known seep tracking application pillow and i'm really satisfied with how well it works along with what the watch is able to bring to the table, especially how it turns on that do not disturb mode when i go to bed and informs me of the remaining battery level 30 minutes before i go to bed in case i need to charge it.",battery
"my series 5, in less than a year, is already having major battery issue.",battery
my watch hasn’t had any issues from battery life since i got it.,battery
don’t let this guy discourage you folks it has superb battery life.,battery
"the battery is the apple watch’s key weakness - no matter what new features they add, unless they crack multi-day battery life, it’s not going to be as useful as other smart watches.",battery
apple not including the charging brick is cost savings for them.,battery
nobody needs another 5w charging brick!,battery
"if i needed a charging block, i’d just buy one with the spare cash.",battery
for me those charging bricks are a total waste.,battery
"the complaint of charging a watch, phone, etc everyday is silly.",battery
"pleasantly surprised to hear that the battery life is so good, but i will wait for your review of the apple watch se before i decide what my very first apple watch will be.",battery
i can’t wait for technology to evolve where we don’t have to worry about battery life anymore.,battery
i only replaces my original apple watch because the battery wouldn't last the day.,battery
for me main feature is battery life.,battery
"when apple will build watch with at least 3 days of battery life i will buy it🙂 
there's no cons for me when i have to charge this every day and can not use it on weekends without charger",battery
"i love my s5, but the battery life dents that for me a little.",battery
this is the very first review that show a real time battery usage with apple watch.,battery
well... all apple watches so far have very differing battery lives depending on what you're actually using the watch for.,battery
"so any reviewer's experience about battery life simply doesn't apply to any viewer (or less than 10%, probably).",battery
what counts is merely this: is battery life better or worse than the older models'.,battery
"and if a reviewer tells you, he or she won't tell you whether he or she compares it to how the older watch's battery life was when it was new, or how it was right before they got the new model for reviewing.",battery
so take any utterances about battery life with a ton of salt.,battery
apple keeps it simple: they say it's more or less the same battery life than last year's model.,battery
you'll probably end up charging the new apple watch about the same as you'd have your last one.,battery
"i’ve been hearing that the first shipped out batches of series 6, have been having some problems..i’m afraid i have one of the botched ones..i tried updating to watchos 7.1 last night and it gave me trouble but then i finally got it, then charging it was weird, i had it on the charger for 20-30 mins and the battery percentage wasn’t going up..i had to turn it off then back on after a minute or two, so hopefully it was just the update, will see...",battery
"charging my iphone every night is tedious enough, even though realistically i'm charging my iphone 11 pro max every 2 to 3 days.",battery
"if the   watch's battery could lasts 1 week, that would be tremendous, but i will be buying my first   watch this year because my doctor recommended it.",battery
maybe it will need a battery replacement.,battery
battery is an issue though.,battery
i turned off most notifications and battery lasted all day.,battery
this will then start processes like sports and run the battery down faster.,battery
"the slightly better battery life is honestly serving me way better - with the series 5, if i wanted to use it for sleep tracking, i almost had to over-think the charging process to make sure i had enough juice to get me through my day (4am-9pm, with a workout, and aod on, and lte connected for part of the day).",battery
"the series 6 charges faster which is noticeably faster imo, and the battery is much more efficient especially when i spend 1-2 hours per day on lte connectivity alone.",battery
"all of this is done in the interest of saving battery life but, in my option the ""always on"" display is more a a ""buyer beware"" feature that may not be too everyone's liking.",battery
my series 5 is made useable by having a battery in my armpit and a lead wrapped around my arm.,battery
he just said for a watch with one day battery life it is better than any other smartwatch in the market.,battery
i think all  watches got faster charging with watchos7,battery
battery life is still a major difference,battery
"love your videos greg,i got my series 6 a week ago and my wife got hers today.i personally found that the battery life is slightly better,also the fitness tracker is better i can tell with my workouts.i’m happy with it.one last thing, you are spot on the always 2.5 brighter is for the sunlight,i can tell when i’m watering my lawn.",battery
it’s my first apple watch so i’m happy battery doesn’t die ever,battery
i attempted to maximize the battery life on both devices by turning off the display and making it set to tap to wake.,battery
battery life is less than the series 3.,battery
"edit: as a follow up to this, it turns out my watch was afflicted with the early ios 7 bug that would cause the battery to drain quickly.",battery
i updated to ios 7.0.2 and ever since then my battery life is significantly better than it was and is better than my series 3.,battery
i can now definitely make two days or can go a whole week easy just charging the watch while i’m in the shower.,battery
@savant if battery life was all i was looking for in a watch i would not be buying an apple watch.,battery
given the fact that i was purchasing an apple watch for features outside of the battery life i am perfectly content saying i like it better in spite of that one issue.,battery
it is worth to mention that since i upgrade to watch os 7 i am having battery life problems and nowadays i can't use auto sleep because battery life is terrible and i decided not to track my sleep and charge it at night instead os charging my aw twice a day.,battery
"@lee kappes yes it is terrible, with watch os6 my aw battery lasted almost 21 hours.",battery
"now with watch os 7 it barely lasts 12 hours, i checked the battery health and it is 95%, i think that is a software issue hopefully with watch os 7.1 it can be solved.",battery
"thank you for the apple watch se review, finally, someone suggests turning off always-on to extent battery life in the series 5 and 6.",battery
don’t see the point in battery drain when i’m not looking it at.,battery
i was fully charging it at night and i would wake up and it would be on 94-96ish.,battery
"i have had it for 5 days and can't tell a lot of difference from my series 5 except that the screen looks some brighter, battery seems much better and the oxygen sensor has given me a rating of 100% and 99%.",battery
"it’s literally the 6 minus 2 things, it does the same thing, charging speed is negligible, it does really well and is accurate with tracking work outs and i can even transfer everything to my strava account from the native app.",battery
upgrading from 40 s4 to 44 s6 solely for better battery and always on during specific activities (running and while at work).,battery
also battery life is a biggie.,battery
"or if you don't like charging your watch everyday, go garmin.",battery
"in fact, being faster over a marathon is better for the apple watch's shorter battery life.",battery
"as for ultra, that battery life isn't going to get most people round 100k.",battery
"bought my first apple watch and realized i am paying for internet and getting bogged down as bad as my iphone and then charging it every 1.5 days drove me nuts, the hype is over rated.",battery
you're definitely making a trade in terms of all the other stuff outside of running that it offers for that shortened battery life.,battery
"i run only 1-2h/days, so i do not have any problem with battery life",battery
plus the touchscreen sucks for running and battery life is half day now,battery
"the thing that makes me curious as well, is whether the battery is actually getting worse - or if apple programs older models to display or run through power faster.",battery
no one mentioned the battery life!,battery
never thought to talk about battery life.,battery
also the 24hr battery life.,battery
why not just keep it simple please ie good battery easy to use same number independent from your mobile and of course cheaper,battery
i have yet to see a single feature or app that would make me switch to a smartwatch with less than 36hr worth of battery life.,battery
"if you are charging your watch everyday in 2020, your smartwatch is broken.",battery
it needs to have better battery life.,battery
battery life is a deal breaker for me.,battery
"so, your main complaints about the apple watch is that it doesn’t do what most garmon watches in the same price point can do (complete awake and asleep fitness tracking, a week of battery life, hundreds of watch faces, and pretty much everything else you complained about).",battery
3-day battery life on my versa 2 getting all my notifications and always on display for $200......win.,battery
battery lasts 12 hours.,battery
it should named charging watch 5.,battery
charging - working - charging - sleeping - charging - jogging- charging - sleeping......🤣🤣🤣,battery
"i'd disagree, screen and battery updates are what make features run more smoothly.",battery
"meh, still 18 hours battery life.",battery
"my amazfit isn't buggy, is always on, gives me all of my phone notifications, tracks my sleep accurately, tracks my steps, and has a battery life that lasts 2-3 months on 1 charge.",battery
i have a galaxy active 2 and series 5 apple the apple has 32gb of storage way more then active 2 and its not laggy at all like the galaxy watch they galaxy battery only last 1 and half days it def dont last three days bro i own both i know the ap ppl le series 5 blows the active 2 away,battery
"still... 18h battery life, meaning only one day if you are not into night life.",battery
my apple watch series 0 has all day battery life still.,battery
none of the watches had what i was looking for and well i have never had issues with battery life granted it has been replaced twice by apple once for a scratch under applecare and last year for the screen popped off.,battery
the battery goes from 75% to full in like 20min.,battery
i never understood the fuss on battery life.,battery
i think apple has a really good reason to exclude any sort of sleep tracking on apple watch for now: its battery only lasts one day.,battery
"to that point, the only way for sleep tracking and not charging every night to make sense is if the battery life gets a massive boost between now and then, even if it takes several generations.",battery
"reverse wireless charging is not ready until i can toss my devices into a pocket and they'll share power -- if it requires precision, it's pointless).",battery
i mean i dont care if it eats the battery life.,battery
it would use more battery than you could imagine.,battery
sleeptracking wont happen yet simply because of battery life.,battery
"it cant track all night after a full day, plus if you do with the rest of your battery it needs a 1h charge right in the morning, just before your day starts which defeats the purpose cause it causes extra stress... also the silliest thing ever is the fact that you still cant stream spotify over lte on the cellular watch",battery
"to name a few features, standalone appstore, always on display, sleep tracking, multiple day battery life, decent fitness tracking features, auto workout detection, water resistance,  samsung pay, stress level monitoring, spotify, ability to control other smart devices in the house etc.",battery
"also, the watch has a third party watch face that works for me: it has the weather temp, date, steps count and battery %.",battery
i have no idea why youtube reviews insist on charging it every night,battery
"new functions, better usability, longer battery life and better materials.",battery
imo charging a watch every day is cumbersome in the long run.,battery
"i have a mi amaze fit watch that costs around 70$ and has an always on display, 20-30 days battery life, gps, compass and an in built sleep tracker.",battery
"the reason it needs variable refresh rate and low temperature pixels is sk the screen doesnt burn in lmao
not for battery life (completely)",battery
from what i've read because it's such a tightly built product it is primarily for battery life.,battery
excess heat would destroy the battery life especially on smaller devices like this.,battery
i charge my watch once every week when i still have about 20-30% battery life left.,battery
"wow dude, samsung has longer battery life, has had an always on display, and tracks more workouts automatically.",battery
what i really want to know is; if you turn off always on screen does the battery life increase significantly!,battery
"does everything i need it to do and battery last weeks, not a single day",battery
mine is from one year ago and it already had the always on display function with all the information showing and since the screen technology uses the ambient light and reflects it when the display is off the battery life is great.,battery
"no
the battery was the only reason the screen wasn’t always on in the first place",battery
can't even track my sleep because i've to leave it charging at night or else it's not charged completely.,battery
it should at least have a couple of days of battery in it.,battery
"r u kidding me 

all that is existed in old smart watches 

stop being fool 

s3 from samsung do all that with more battery life and always on display",battery
i can go 2 days without charging my series 4.,battery
i have an extremely cheap smartwatch its battery lasts literally over 3 months and it has heartbeat and sleep tracking watch,battery
"health tracking, sleep tracking, and smartphone notifications on your wrist are life enhancing, but you can get that all and nearly weeks long battery life, for much cheaper than an apple watch.",battery
i keep hearing 18hr battery life with this feature - and that’s way too short-lived for me.,battery
"i really wanted to buy it but i’m still waiting for third party support for watch faces, a bit larger battery and most importantly sleep tracking.",battery
better battery and it works with android.,battery
"it dims the brightness the same way as the apple watch does and note that the battery lasts for 2½ days even with this feature on...
just that samsung doesn't know to hype these small features as apple does...",battery
and with a longer battery time.,battery
in their opinion an apple watch that doesn't have an all day battery bc of an always on display is a bad product.,battery
still has 4 days battery life.,battery
but i think the battery last less because of it.,battery
"you could just switch off always-on display, maybe that will increase the battery life again.",battery
"i have a galaxy watch which can lasts up to 3 days and do everything the apple watch does and even more, reply to text messages, always on display (up to 2 day battery life) and the software is not buggy at all.",battery
"once they crack multi day battery life, i'll be all over it.",battery
seriously with 18 hours battery life.. lol what a joke..,battery
18 hour all day battery life,battery
apple is known to undersell the actual battery life.,battery
apple watch can't put a sleep tracker yet..it needs charing every night..n apple expects u to charge at night time..apple knows it..till then they don't improve to atleast 2 days battery life..they can't put sleep tracker,battery
i will switch to apple products if they figure out the battery life issues.,battery
"my apple watch series 3 uses 30-40% battery every 24 hours, so i get about 3 days on a charge, that's pretty amazing for a wrist computer.",battery
"also, i've never gotten more than around two days of battery life on my samsung watches.",battery
so much so that i forget to take it off in the shower or charge it some nights and then i look down and realize i’m still wearing it and/or the battery is dead.,battery
there has to be better applications and battery life.,battery
"it does have a color always on display with multiple-day battery life, native sleep tracker, third-party watch faces, and independent app store.",battery
tbh battery life isn’t an issue in my experience.,battery
"the battery last about 10% longer (well, that is what i have heard) compared to having the aod on!",battery
other smart watches have had always on display... and more battery life.,battery
battery life has also not been a concern as of yet but i do look forward to some extended battery life for sleep tracking.,battery
"qi wireless charging is another bonus for when i am somewhere that offers it (airports/coffeeshops/etc)  

waterproofing is something that i do look forward to (series 1 is only splash proof) as i always have to be careful to remove when by the pool, at the beach or in the shower.",battery
okay this year apple watch very tempting if only because of those price then i will blindly go and take it and ignore those issue 18hrs battery life.... but in my country apple stuff always super expensive like twice the starting price in us.,battery
"i think on the android side the galaxy watch is very close with much better battery life, and the watch is actually round.",battery
"doesn't track sleep, no 4 day battery life.",battery
i have all of that in a round screen and 4 complete days of battery life with always on screen.,battery
i get 4 days of battery with sleep tracking and monitors other activities...,battery
wake me up when it has 10+ days of battery life...,battery
"i need just notifications and good battery life, so iwatch is not for me.",battery
"apple undersells the actual battery life, i have a series 3 which is two years old, and even after being used all day every day i get almost 3 days use on a single charge (uses 30-40% every 24 hours).",battery
battery is shorter than series 4,battery
@ilya chap just wondering about the battery life.,battery
my watch has a 10 year battery life.,battery
@josh ritter i let it drag out to put less charging strain on the battery.,battery
"wes perry, sleep tracking requires more consistent charging 😴⌚️",battery
"18h battery life, not even sleep monitoring.",battery
but then to do sleep tracking you'd need a battery that lasts all day and night... oh... sorry about that.,battery
"i have infinite options to change bands.. as it is modular.. i can choose silicon.. metal.. mesh.. any thing.. any color.. and can keep changing it every day as per my look...

2. for the 'always on' display.. im not sure on the hardware so i won't comment on that.. but all of the faces on my watch have a always on version.. which is a less detailed, less animated, dimmed out version of the same watchface.. again, not sure about battery saving and refresh rate specifications.. i just know my watch goes easily upto 4 days if not connected with bluetooth, upto 2 days if connected with bluetooth.. and about a day and a half if i put on always on display.",battery
"the aw bands are modular too since first gen, you can remove them pushing a small button, and many options are available on amazon
the ltpo screen is invented by apple, on aw4, it's basically an oled screen with variable refresh rate and some other techs(if i'm not wrong), that can refresh the display once per second instead of 60 per second, allowing them to display a dimmed version of the watch faces, colored, without sacrificing battery, but battery life is still disappointing for me, i like galaxy watch battery life
any watch can be connected to iphones, and aw can be connected to android, but samsung gears has more features when they are connected to samsung smartphones, same thing for aw, some features are available only on their proper platform,
but aw excels on health feature and automatic health monitoring, that saved life of lots of users,


i'm sure that the battery life is not as good as other brands due to screen force touch technology, taptic engine... that takes a lot of space inside the case, that is proven in new iphones where the iphone 11 pro max has like 24% more battery capacity after removing force touch from screen.",battery
i want a noticeably better battery then i might actually buy one.,battery
the battery life is inconsistent when your iphone is not nearby.,battery
great battery life as well.,battery
"everything on the gear watches is very inaccurate, buggy and the battery life is as bad.",battery
just like an always on display that’s color and a ltpo screen to save battery life.,battery
also it does have 2-3 day battery life depending on use.,battery
sleep tracking is something that would vitally impact the battery life.,battery
they'd need to guarantee it could get 2-3 day battery to put sleep tracking in as it's constantly being in use while on somebody's wrist for 8 hours.,battery
and battery life is important too.,battery
i wanna get this on black friday but the battery life is kinda scaring me.,battery
my biggest concern is its battery life..sigh,battery
"looks stupid, 1 day battery life.",battery
purchased it 2 weeks ago and returned it.... battery life is terrible.,battery
now ive been looking into the apple watch but the battery life bothers me if i want to track my sleep every night and wear it all day.,battery
apple watch 5  vs apple watch se battery without always-on display.,battery
if you do a battery life test on this watch will be great.,battery
is the battery better than the watch active 2,battery
"i’ve been using an se, not only does the lack of aod mean you get more battery life, but it makes your wrist less distracting.",battery
(many disable aod to get longer battery on s5 and s6 anyway.),battery
always on display will drain da battery and in the long run the display will become weaker from being on all day .,battery
"it drains the battery faster and you could always just click the crown, (the scroll wheel) to turn the display on.",battery
was hoping the battery life would be a bit longer on this one without the aod..still looks a great entry point for an apple watch!,battery
yeah unfortunately battery life is not yet a major priority for apple watches,battery
they have basically the exact same specs and features but the gw3 has a gorgeous design plus a rotating bezel and better battery life.,battery
i am already using galaxy watch but this looks pretty only concern is battery life....,battery
i miss a comparison between series 5 & 6 battery consumption during running.,battery
lynn dennis battery lasts 18 hours of normal use.,battery
"yeah, for battery life they claim 18 hours, but added in faster charging now.",battery
"@trent mikels yea i know it has a new chip, battery is decent, multiple color case and o2 sensor, however, like said before it’s closely the same watch.",battery
you know you can get a battery replaced for like $80...,battery
im suprised you mentioned the series 4 battery life issue.,battery
i lve have an apple watch series 4 since it came out and my battery life is absolutely phenomenal!!,battery
battery life sucks on the series 6.,battery
series 6 does so many things it’s completely overwhelming the tiny battery they refused to upgrade.,battery
i’d end my day with about 40-60% battery in all other versions with same usage.,battery
"since the update to watchos 7 recently, battery life has improved big time.",battery
"and when i charge it after 2 days, it still has 30% of battery left.",battery
"good thoughts, did use my s4 over my s5 as battery was way better.",battery
but my battery really doesn’t last longer than my series 3.,battery
oh and hell no you don't get 30-40% more battery life with aod off.,battery
"i’m trying to get one, i hope works, battery 18 hours, waterproof plus blood oxygen to and so on canes with an app that works with oxygen cells in your hemoglobine level pretty amazing",battery
"good product, really shit battery... and battery life is the backbone of a watch and apple can’t get that right.. who wants to charge a watch every night...",battery
"don't do that, just top up the battery when you don't need it like when showering or eating at home.",battery
it'll be better for the long term battery health too cuz charging past  80/85 percent is bad for the battery,battery
they knew battery life should improve but i suspect they did something else and it’s paying off !,battery
"its fast,it looks beautiful,good battery life and it have lots of features.if you have the series 5, maybe you should wait for the next series.easy.",battery
"nobody forces people to upgrade, stupid people do stupid things, like trading their series 5 to apple for $140.00 only to get the same watch for $240.00 more and i have 40 to 50% battery life left on a series 4 and it’s two years old.",battery
you are claiming that he series will still have a good battery after 3 years.,battery
"i don’t know what you do with your watch, but for me the series 4 after 2 years (94% battery health) still lasts for 2 full days (48 hours).",battery
"the battery life isn’t killer, it’s the same as the 5 i’d always on is turned on.",battery
i have a series 2 and my battery life last me all day i barely take the thing off can’t wait till i get a six,battery
"for new apple watch buyers, the apple watch 6 is awesome but killer battery life as indicated in the video is 4-5 days and this is not something that this watch offers.",battery
"the series 6 charges faster -  noticeably faster imo, and the battery is much more efficient especially when i spend 1-2 hours per day on lte connectivity alone.",battery
"about charging of apple watch i don't get you people – just charge while you shower, that's it.",battery
"also, the battery life is not impressive.",battery
i’ve had my series 0 apple watch since 2016 and i stopped using it because the battery life became so poor as well as the performance.,battery
"i use the lte, so extra battery life is gold.",battery
"for me the more accurate tracking, better fitness data, and longer battery life far outweigh anything the apple watch could offer me.",battery
"the actual better battery performance is clearly due to the new s6 processor, which obviously consumes less power, and the removal of force touch sensor.",battery
the latest ones have really good improvement and battery life is better than ever so battery degradation will be less of a problem then it was before.,battery
screen size and everything still the same and battery is a day n half,battery
"the damn thing still works and only the battery gave up, a full charge now lasts a full day in airplane mode.",battery
i have a series 0 (the first ever one) and just had it replaced for free by apple as the battery had swolen and popped the screen.,battery
the battery life is decent even with few workouts and always on display.,battery
i an still using my series 4 and i get 2 to 3 days of battery life.,battery
"the 18 hour is totally inaccurate, i think apple is playing overly safe here, and could give it the magical 24hour battery life marketing.",battery
i mostly end my day with 40-50% battery on aw5,battery
plus the battery life a very good.,battery
honestly i’m tempted to just because of the killer taptic engine and battery life but that wouldn’t a smart financial decision.,battery
because a 2-day max battery life compared to fitbit’s 6 days is just a joke,battery
"series 3 has a 1.34 wh battery while series 4, 5 have a 1.12 wh.",battery
17% less battery guys... a lot,battery
"it is nice big battery and s6 is very power efficient so the battery might go through less cycles compared to previous models, but there are other variables.",battery
"the best battery 🔋 life review on the apple watch ⌚️ thanks 🙏 
i think you talk very fast 💨 if you can decrease the speed and talk less faster i think it will help i needed to pause and run it again in order to get all the details you’re very good reviewer with  a lot of useful details that you bring to us i am impressed but it will be perfect if you can talk like “greg gudgets” (an apple youtuber) like your jacket 🧥 (shell i think rei if you want the best shell out there get the arcteryx beta ar color tui or king fisher the same as your color)",battery
"great review ... been waiting for apple to improve battery life on this watch, before i get one but it’s still not good enough for all that money.",battery
"ya, you're paying for basically everything else but the battery 🤷‍♂️😆  but that ""everything else"" is pretty darn good though.",battery
"i purchased a series 6 (non lte) about a month ago, and i have been able to get approximately 24-30 hours of battery life by disabling the always on display, as well as muting several notifications!",battery
"while the series 6’s battery life lags in comparison with fitbit, the series 6 excels over my blaze as a fitness watch!",battery
"based on your review, i will see if i can squeeze out additional battery life.",battery
"i’ve turned off always on feature on my series 6 and it’s as good as doubled battery life, also i don’t have white or coloured screens.",battery
in real life situations it really does help with battery significantly in my experience,battery
"@desfit thank you, i want to buy the s6 instead of the se just because of the battery life difference in the future.",battery
"i have an se, and i disabled the hand washing notification to save battery life.",battery
"i can’t take another word about the battery life, absolute torture.",battery
outstanding review and battery test!,battery
the point being that you could get longer battery life than the se,battery
"if you're ok with charging your watch every 1-1/2 to 2 days, the apple watch would do great for you.",battery
great job to fully disclose the battery life of se & 6~!,battery
this is how you do a battery test.,battery
"so, if u do not use the functions you  will have ok battery life.",battery
also apparently apple only gave fast charging to the series 6 but it is on the se as well,battery
i’m wondering what the differences are in battery life,battery
smaller watch has a smaller battery,battery
i’m really interested in hearing what’s your battery results while using/playing music from the apple watch through bluetooth headphones without your phone present.,battery
maybe another way of saving battery is not using the apple sleep tracking.,battery
tldr: turn everything off except for battery reserve  mode,battery
i have been looking for this kind of in depth battery testing!,battery
for me it's eating battery almost like always on display.,battery
"1:00 nice comparison of devices: 2 days, 2 weeks, 2 days battery life :d",battery
"with all sensors enabled - poor battery life as sports/smart watch
with all sensors disabled - very poor battery life as casual watch
oh, i forgot: a gadget ;-)",battery
i wonder how the lte version will perform in terms of battery and day to day usage.,battery
"ya, i didn’t have to worry about battery life with that one!",battery
i'm wondering how much battery life when using the app strava while working out while playing onboard music (watch only) with bluetooth.,battery
but battery life is a pretty big thing for me since i’ll be getting the lte model.,battery
"@a hello a, i am going to be honest here the watch fits more snug however i can definitely tell the 40mm battery life is much worse than my 44mm aw series 4 was but after changing settings off this video it’s a bit better i should’ve just kept my four though haha!",battery
not looking to upgrade from the series 3 but sure is tempting looking at the new battery life/charging time since i tend to wear it all day (when i go to bed as well).,battery
"i wish there were more compelling improvements to battery life but i suppose ""better"" is better!",battery
"maybe his settings drain it fast but for the weight i’d almost prefer something with less features and greater battery life, especially for longer trips in the woods",battery
the new series 6 blood oxygen sensor to monitor it in the new age of covid-19 is a real nice feature along with all the other old people options.,vo2
i noticed your blood oxygen levels were dropping to 90%.,vo2
"the heart rate, and blood oxygen are super beneficial to me with my anxiety.",vo2
i think the apple watch only measures vo2 max with running workouts.,vo2
got my apple watch 6 yesterday...found out soon enough that you must be 18 years or older to get your blood oxygen levels...,vo2
lord have mercy my highest vo2 max is 26.9 😭 you’re so fit justine!!,vo2
100% oxygen level is very rare btw wow,vo2
the vo2 max data has been really interesting for me.,vo2
oh well that stupid apple watch is useless get this samsung galaxy watch  that is good blood oxygen feature is also useless,vo2
garmind have has an oxygen sensor for like for ever.,vo2
blood oxygen measurement can be cool but gimmicky at best.,vo2
if you have covid19 you’ll be glad you have the built in oxygen monitor,vo2
my smart watch from ali express has oxygen and ecg for 20 euros.,vo2
the only difference is the blood oxygen contraption.,vo2
i'm not so sure on the value of this lol 😂 the blood oxygen thing is not crazy tech hmm...,vo2
hey everyone it’s important to inform ppl that the blood oxygen sensor will not be accurate .,vo2
"1:29 it’s spo2, not vo2 🙂",vo2
"imagine a world, where apple watch exists, but there is no lte option in your country, no blood oxygen measuring, and no fitness+ in foreseeable future...",vo2
i would find the oxygen meter helpful.,vo2
the oxygen meter is nice but i feel its still in its infancy and you might benefit buying watch series 7 instead,vo2
1:30 it doesn’t measure vo2 but oxygen saturation level spo2,vo2
but vo2 max is better than predictive vo2 max in models without spo2.,vo2
"when your blood oxygen drops below 90% for no reason, you need to see a doctor asap...",vo2
"honestly, still not enough for me to upgrade from the series 4 (even though the blood oxygen monitoring would be good for me).",vo2
heavenbeetle .. don’t know how reliable on blood oxygen results .,vo2
i'm interested: you mentioned about vo2 max.,vo2
the apple watch 6 should do better calculating your vo2 max correctly.,vo2
"if you don't care too much about the smart features on a smartwatch, like notifications, msgs, etc... which will you recommend for everyday use plus some accurate adventure features, i prefer a solid gps, oxygen sensor, altimeter and compass.",vo2
i noticed the same little difference on oxygen reading about 2-3 % higher then i compared to medical grate oxygen meter,vo2
"the main reason i got the series 6 though, is the blood oxygen sensor.",vo2
"i have been in and out of the hospital so many times the last couple of months, so monitoring my blood oxygen could actually save me!",vo2
"currently bought the series 4 from ebay, literally is almost the same thing without always on and the blood oxygen which i’m not really missing out on anything, maybe i’ll upgrade on the 7th generation",vo2
my apex oxypulsimeter takes it on the order of 20-30 seconds to give a stable and valid reading of the percentage of oxygen in the blood.,vo2
"sorry, i highly doubt that with only 15 seconds you will have a real blood oxygen reading.",vo2
"i’m really keen to see your first impressions and short test on the se (for those willing to compromise on ecg, pulse ox & vo2 max).",vo2
although blood oxygen sat difference of 3% is significant.,vo2
"i hunt a lot and camp, and really want something for sleep tracking and checking my oxygen levels",vo2
"if you need the blood oxygen sensor then i’d say go for the 6, otherwise, the rest of the upgrades are somewhat negligible.",vo2
the price difference between the two here in australia is large enough ($250 difference for the 44mm cellular) and i don't need the oxygen sensor and will be turning off the always on display!,vo2
i need the ecg and blood oxygen :) since i don't own one.,vo2
"4-6 days battery, always on display, vo2 max, sleep analysis (cos you don’t need to charge the watch at night!",vo2
97 to 94 is a significant jump in oxygen saturation.,vo2
this is an oxygen disassociation curve which descends very rapidly at about that level.,vo2
i need to keep a close eye on my oxygen level with a finger sensor which can be a pain and i also forget.,vo2
no external blood oxygen level is really accurate.,vo2
"the oxygen sensor is just what i need, and i bought a series 5 earlier this year.",vo2
i have real oxygen issues.,vo2
"vo2 readings are not new, check the health app on your pre series 6 watch.",vo2
i’m so happy that apple didn’t put blood oxygen feature as a health feature.,vo2
"i’m apple watch fan and got series 5, so please don’t oversell this series 6’s vo2 tracking and always on altimeter.",vo2
"but if you're wanting to save money, maybe go for series 5 or even 4 because it's more or less the same but without that oxygen sensor.",vo2
i have a series 3 and i have a lot of health problems with my immune system and my heart is now what the doctors are looking at so this new watch with all the new features like blood oxygen and ecg are super impressive and definitely something i want.,vo2
⭐️⭐️⭐️⭐️⭐️ quality this video the explanation about blood oxygen and all features of apple watch s6!,vo2
"4-6 days battery, always on display, vo2 max, and a seriously fantastic app (apple health app looks anaemic in comparison!).",vo2
"only reason for upgrading is the oxygen sensor, but also how slow the 2 is....",vo2
i can’t get the blood oxygen to work on my app and i believe it’s because i have the 14.2 beta on my phone.,vo2
"rrobertt13 not a lot, but enough to make it important for my smartwatch, much more important than blood oxygen sensor.",vo2
no not for me i have s5 and blood oxygen not available in my country anyway,vo2
i really like the new vo2 max and ecg features and that they have actually helped save people’s lives.,vo2
you need to stay still and not move for 15 seconds to get a usable reading with the oxygen saturation sensor.,vo2
"this year was probably less than ideal for seeking fda certification (and other countries equivalent) for the blood oxygen feature due to the pandemic and other reasons,  may well do that next year when circumstances are better.",vo2
sadly to get a good blood oxygen level with that watch like to get a accurate reading you have to take the watch off and place it on your finger tips,vo2
i find the oxygen sensor to be off in my watch.,vo2
i have ild interstitial lung disease and this oxygen meter will be the reason i upgrade.,vo2
"it doesn‘t meassure your hemoglobin, it meassures the oxygen saturation of the hemoglobin.",vo2
i don't know but it seems like you are excusing the short comings of the blood oxygen sensor.,vo2
i like the fact he mentioned the blood oxygen function is a bump up to see a doc.,vo2
"somehow i really don’t think a watch is going to give an accurate % of blood oxygen , it’s a gimmick to sell the watch and people fall for it.",vo2
no hate but idk why some people say not to upgrade from the 4 or 5 to the six even if the blood oxygen matters to you.,vo2
"rags makeover - tamil tutorials i like the continuous blood oxygen monitoring, and other features.",vo2
if its just for oxygen levels u could have just bought a pulse oxymeter for very very very less cost & and it would be a medical device too!,vo2
"it is impossible to have an in accurate blood oxygen reading, you either get an error, or you get a proper reading!",vo2
the time when people usually have poor blood oxygen readings that have problems with their heart and respiration is when they are having problems oxygenation during some point in their sleep usually.,vo2
usually though it is going to be a sneak up on you factor… i know because i have a family member that has to have oxygen at night and cannot sleep at any time unless they are wearing their oxygen machine.,vo2
"their oxygen level drops to write around 90 to 94% which is indicative of a problem and can cause brain death and probably even develop into issues with memory, pinhole strokes, and dementia if not treated over the long term.",vo2
i checked the oxygen sensor compared to two other finger devices(one the innovo deluxe oximeter) and found the results to be pretty consistent or at least within a percentage point or two.,vo2
it will be interesting to compare the apple watch series 6 blood oxygen feature to the traditional pulse ox that simply slips on the end of a finger.,vo2
my sleep doctor is happy as long as blood oxygen is above 90%,vo2
fyi blood oxygen readers can be found for prices anywhere from 15 to 50 dollars.,vo2
"i have the apple watch series 5 and, i'm not going to upgrade because of blood oxygen measurement and automation detection added to the series 6. i'm good.",vo2
bought the se last week since i felt that i did not need the blood oxygen or ecg app and the not always-on feature was not a dealbreaker since my old fit-bit was not always on.,vo2
i am a first time apple watch user and was going to buy the 6 but decided at the store that the blood oxygen and ecg wasn’t worth it and i wasn’t sure if aod was a deal breaker for me so went with the se at the last minute.,vo2
"i actually stepped down from an s4 to the se (i'm giving the s4 to my mom) but realized that i don't really care about always-on, ecg, or blood oxygen readings.",vo2
the ecg and blood oxygen monitoring seems to be inconsistent and honestly not a priority for me.,vo2
blood oxygen does not offer any experiences yet.,vo2
apparently the apple watch blood oxygen reader is fantastic.,vo2
"they’re gimmicks, especially the oxygen sensors",vo2
"no need for ecg, and blood oxygen is not that helpful, the new chip seems to me it might have longer support though, the u1 is big mystery, and the always on display is a must for watch in my experience.",vo2
first the ecg and oxygen apps seem irrelevant since i’m healthy.,vo2
well if i was like 50 years old i would probably buy the apple watch 6 because that's the age where your blood oxygen might be low,vo2
can not connect amazon echo earbuds to them and no oxygen blood measurements...  so many other smart watches out there that can do a lot more for a lot less.,vo2
i however don’t need the ecg and blood oxygen monitor so i opted for the se.,vo2
that's what i'm saying the ....se does not have blood oxygen or ecg but you don't need ecg and the blood oxygen level doesn't have specs on it so it doesn't really have useful information,vo2
yeah unless you know how to interpet the blood oxygen or an ecg.,vo2
"i'd basically settle for google pay on my fossil and i think i'm happy.. well ecg, temperature, oxygen and blood pressure sensors would be good, but i don't want a complicated watch interface.",vo2
"@mike o'brien i'd almost put nfc payment, oxygen and blood pressure sensors above offline music.",vo2
i'd like more sensors ( i believe blood oxygen meter can give more in depth sleep tracking).,vo2
seeing your vo2 max has motivated me to raise mine to your level.,vo2
"i know the blood oxygen is targeted for ""wellness"" not fda ""certified / approved"" but i believe other trials have shown that the ""wellness"" pulse oximeters are basically as accurate as more medical-grade stuff, so interesting to see if that holds true with aws6.",vo2
"i am very interested in how much it tracks this during sleep as oxygen deprivation can happen during sleep apnea, but not sure if aw background checks during sleep would be frequent enough to catch apnea events.",vo2
"dc rainmaker there is a difference between measure blood oxygen to calculate it and just working it out from heart rate, age, etc.",vo2
actual measurement of vo2 can only occur in a lab where they put a mask on your face and then connect a hose to it to measure the exact output as you breath.,vo2
you could measure blood oxygen for past 5 years or so... its now on watches,vo2
you could measure blood oxygen for the last number of decades.,vo2
"i think, it’d be interesting to know given that the se apple says has the updated sensors same as the 6, but looking at them, it physically does not have the same four lights (which i’m aware are meant to be for the pulse ox & vo2 max).",vo2
er you could measure oxygen on samsung phones for last 5 years or so...it now on the watches,vo2
"from what i have read, vo2 max using the oxymeter is used only in extremely good conditions (and it should be).",vo2
"i thought it mightbe usefull, but the vo2 mesurement... i don't think it is needed.",vo2
"adding a brightness option, and getting the blood oxygen to work better can both be fixed through software.",vo2
with luck some software updates can fix the oxygen so it work solid for folks that use/need it.,vo2
the oxygen sensor has worked every time for me.,vo2
i discovered that the blood oxygen feature doesn't work when your pulse is over 100 bpm.,vo2
"i had a small electrical fire in my classroom last week, and was able to use the o2 feature to see how my oxygen saturation was as i suffered some smoke inhalation.",vo2
the blood oxygen sensor is pointless for most people as itll stay well above 90 for most but really i can get that from a pulse oximeter.,vo2
the blood oxygen sensing is useless to me.,vo2
blood oxygen is questionable but apple puts a disclaimer on it.,vo2
i had a problem with my blood oxygen sensor once and it was while i had my arm up right.,vo2
other then the blood oxygen sensor on the 6.,vo2
"aod keeps distracting me while working, blood oxygen sensor is very unreliable.",vo2
"i do not think i will be using ecg, but the blood oxygen is somewhat useful.",vo2
"sleep track and blood oxygen is crap in series 6, returned it for se ......my first apple ....",vo2
"i thought i was going to return the watch v6 after upgrading from a v4 but the always on display is nice, the solo loop is great, the blood oxygen monitor works for me, if i want a super accurate reading i place the monitor on my finger ( easy with a solo loop) mountain biking for the altimeter.",vo2
"pakchi70 also if you young and healthy, there is no need for v6, v5 will be fine as your blood oxygen level will always be great and you will only have mild symptoms of covid-19 if you get it.",vo2
"@karan malik ya, vo2 max for cycling can only be estimated with some semblance of accuracy with a power meter and heart rate, regardless of manufacturer.",vo2
i don’t really care about the blood oxygen or the ecg.,vo2
its easy and cheap way to live healthy.,price
i have a 40 dollar watch from amazone that already did all of that before apple spent 2 dollars to produce a 600 dollar watch,price
the o2 levels on this are worthless.....you get better readings with one of those 25 dollar o2 finger clips.,price
they get it coz its the car that are not too expensive but expensive enough for ppl to feel great owning them and also of course the tech.,price
aluminium looks so cheap and dodgy....,price
just say we are cheap :/,price
i think they are three very similar and it would be a great video idea for those seeking a capable thin and light and cheap laptop.,price
2nd hand iphones are very affordable,price
2nd hand iphones are so cheap,price
currently my budget was only able to afford buying one apple watch device.,price
"in the case where it didn’t do a great job, you could always go buy a cheap bluetooth chest strap to pair to the watch, but i’m pretty confident that it would do a good job.",price
just got a series 3 for cheap from apple.,price
"also as a consideration on price, you have to have an iphone to use an apple watch, which is significantly more expensive than android",price
but it’s cheap and easily exchangeable.,price
the only other watches in this price range that can do some form of mapping would be a google wear watch like the samsungs or cheap versions you can find on amazon.,price
if you're on a budget the series 3 still offers a lot but it's getting a little dated.,price
something on amazon that’s budget friendly,price
blood oxigen is fine but i think another sensor would be great and cheap as well like a thermometer with ir light would be great,price
personally find it unnecessary: if you get the more expensive stainless steel that comes sapphire glass which is pretty scratch proof (much more than a “protector” would be).,price
"i’d rather add a bit more money for apple care+ and have the confidence of a cheap replacement of my glass actually breaks—and going by how my iphone has handled frequent drops like champ, it’ll be just fine.",price
looks like a 20 dollar swatch watch.,price
"i want to know the features and capabilities of the se, not make me feel bad for not choosing the more expensive version.",price
the 44 mm lte se variant is wayyy more expensive in australia,price
"definitely not, the se is the cheap one, the iphone 12 mini is the small one, the 12 would be the replacement of the 11, the 12 pro is a better version of the 12, and the 12 pro max is the best and biggest.",price
if you want something small and cheap get the new iphone 12 mini.,price
i live in sweden and have a medium expensive cellular plan.,price
i guess its a bit more expensive cause it’s a really big country.,price
its not too much more expensive than the series 3 but clearly a whole lot better.,price
my 40 dollar does all my work and working well since past one year...,price
"its too expensive i got mine clone at iwatchclone,com its same quality",price
apple product are expensive ......and they always take advantage of customers....i do not like their policy,price
i am from a third world country and even there an used apple watch series 1 it's very cheap lol,price
i mean even 20 dollar mi band tracks sleep.,price
my 200 dollar galaxy watch active is enough for me (don’t really take calls or text that often plus it has sleep tracking built in).,price
im shook that the apple watch is more expensive than the iphone 11,price
because you seem to be excluding all smart watches that aren't cheap knock offs of apples own watch.,price
my budget is of buying mi band 4,price
i will get the apple watch series 3 because its cheap,price
po russki buy her a series 5 you cheap bastard,price
"@thomas alex ltps is widely used in budget ips panels, they used ltpo similar but bit better on oled, but this type of technology is not invented by them it is already out there, at best you can say they were the first to use it in the consumer smartwatch market.",price
"actually 400 dollars is really cheap when you are getting so much,of course this watch won't last as much as a rolex, omega or anything like that",price
cheap as peas nobody even cares they just buy it,price
it is even more expensive in europe.,price
i feel like the apple watch might be too expensive for what i’m looking for but at the same time it looks like it would last me a long time.,price
the apple watch se and the iphone se paired with the 1st gen airpods is great fot college students on a budget for sure!👍,price
apple needs to continue providing more budge friendly options like this and the se phones just like they now have the more budget friendly ipad as a lower tablet option to the ipad air and pro devices.,price
they’ve finally created a watch that’s not so insanely expensive for a 44 mm that i’m strongly getting my first apple watch,price
"not cuz am cheap i actually just got the 12 yesterday, it’s because this is all i need.",price
the se watch came out this year and is more cheap than the 6 which also came out this year ..,price
am so grateful to *hackermilo on instagram* who helped me to access my wife's iwatch he's really great and affordable,price
i need something less expensive but has all the good features.,price
i just got the se nike edition with cellular i had the series 1 and never used it so i don’t want to get the more expensive one and not use it that much,price
"i don’t know if i want to get it now or on black friday, i really don’t think the black friday deals will be anything to write home about for an already budget model",price
affordable and can last for yrs,price
and just when people are ignoring the less expensive gadgets people actually want to buy.,price
as on budget i am in between buying se and 5.,price
but if u got a ipad or willing to buy a iphone or ipad then u can use the apple watch which i recommend but it’s ur choice and it sounds like u like android better or can’t afford a iphone which i agree they are pretty expensive but it’s worth it,price
@keepitmelo 41 affordable for one of the best smart watches out there,price
@keepitmelo 41 compared to apple product lineup se product lineup is definitely budget for them!,price
keepitmelo 41 definitely more budget compared to other apple products,price
"said differently - the bar for medical spo2 is surprisingly low actually (which, is why there's so many cheap $30 finger devices on amazon).",price
cheap version with the best videocard.,price
stainless steel always others feel and look cheap do the same thing but when i see the stainless i can’t go back,price
"and there is a 170 dollar difference, without taxes, even add in a mere 5% tax and the difference becomes almost $180.",price
"$500 for a watch is a lot, its even more expensive than a full on 128gb iphone se.",price
i think it is quite expensive and unnecessary for a lot of people.,price
this watch is more expensive than the ipad 8,price
