id,brand
Vd_1,Apple
Vd_2,Apple
Vd_3,Garmin
Vd_4,Garmin
Vd_5,Garmin
Vd_6,Apple
Vd_7,Apple
Vd_8,Apple
Vd_9,Garmin
Vd_10,Garmin
Vd_11,Apple
Vd_12,Apple
Vd_13,Apple
Vd_14,Apple
Vd_15,Garmin
Vd_16,Garmin
Vd_17,Garmin
Vd_18,Garmin
Vd_19,Apple
Vd_20,Both
Vd_21,Garmin
Vd_22,Garmin
Vd_23,Apple
Vd_24,Apple
Vd_25,Apple
Vd_26,Apple
Vd_27,Apple
Vd_28,Apple
Vd_29,Apple
Vd_30,Apple
Vd_31,Garmin
Vd_32,Garmin
Vd_33,Garmin
Vd_34,Garmin
Vd_35,Garmin
Vd_36,Garmin
Vd_37,Garmin
Vd_38,Garmin
Vd_39,Garmin
Vd_40,Garmin
Vd_41,Apple
Vd_42,Apple
Vd_43,Garmin
Vd_44,Garmin
Vd_45,Garmin